client_id,model,d0_initial_score,d0_score,d0_confidence,d0_review_decision,d0_revision_count,d0_score_rev1,d0_score_rev2,d0_score_rev3,d0_score_rev4,d0_score_rev5,d0_score_rev6,d0_score_rev7,d0_score_rev8,d0_score_rev9,d0_score_rev10,d1_initial_score,d1_score,d1_confidence,d1_review_decision,d1_revision_count,d1_score_rev1,d1_score_rev2,d1_score_rev3,d1_score_rev4,d1_score_rev5,d1_score_rev6,d1_score_rev7,d1_score_rev8,d1_score_rev9,d1_score_rev10,d2_initial_score,d2_score,d2_confidence,d2_review_decision,d2_revision_count,d2_score_rev1,d2_score_rev2,d2_score_rev3,d2_score_rev4,d2_score_rev5,d2_score_rev6,d2_score_rev7,d2_score_rev8,d2_score_rev9,d2_score_rev10,d3_initial_score,d3_score,d3_confidence,d3_review_decision,d3_revision_count,d3_score_rev1,d3_score_rev2,d3_score_rev3,d3_score_rev4,d3_score_rev5,d3_score_rev6,d3_score_rev7,d3_score_rev8,d3_score_rev9,d3_score_rev10,d4_initial_score,d4_score,d4_confidence,d4_review_decision,d4_revision_count,d4_score_rev1,d4_score_rev2,d4_score_rev3,d4_score_rev4,d4_score_rev5,d4_score_rev6,d4_score_rev7,d4_score_rev8,d4_score_rev9,d4_score_rev10,d5_initial_score,d5_score,d5_confidence,d5_review_decision,d5_revision_count,d5_score_rev1,d5_score_rev2,d5_score_rev3,d5_score_rev4,d5_score_rev5,d5_score_rev6,d5_score_rev7,d5_score_rev8,d5_score_rev9,d5_score_rev10,d6_initial_score,d6_score,d6_confidence,d6_review_decision,d6_revision_count,d6_score_rev1,d6_score_rev2,d6_score_rev3,d6_score_rev4,d6_score_rev5,d6_score_rev6,d6_score_rev7,d6_score_rev8,d6_score_rev9,d6_score_rev10,d7_initial_score,d7_score,d7_confidence,d7_review_decision,d7_revision_count,d7_score_rev1,d7_score_rev2,d7_score_rev3,d7_score_rev4,d7_score_rev5,d7_score_rev6,d7_score_rev7,d7_score_rev8,d7_score_rev9,d7_score_rev10,d8_initial_score,d8_score,d8_confidence,d8_review_decision,d8_revision_count,d8_score_rev1,d8_score_rev2,d8_score_rev3,d8_score_rev4,d8_score_rev5,d8_score_rev6,d8_score_rev7,d8_score_rev8,d8_score_rev9,d8_score_rev10,d9_initial_score,d9_score,d9_confidence,d9_review_decision,d9_revision_count,d9_score_rev1,d9_score_rev2,d9_score_rev3,d9_score_rev4,d9_score_rev5,d9_score_rev6,d9_score_rev7,d9_score_rev8,d9_score_rev9,d9_score_rev10,d10_initial_score,d10_score,d10_confidence,d10_review_decision,d10_revision_count,d10_score_rev1,d10_score_rev2,d10_score_rev3,d10_score_rev4,d10_score_rev5,d10_score_rev6,d10_score_rev7,d10_score_rev8,d10_score_rev9,d10_score_rev10
C1062,gpt-4o-mini,85,85,90,REJECT,0,,,,,,,,,,,85.0,70.0,85.0,APPROVE,1,70.0,,,,,,,,,,75.0,60.0,75.0,REJECT,2,50.0,60.0,,,,,,,,,85.0,45.0,75.0,APPROVE,1,45.0,,,,,,,,,,80.0,60.0,75.0,REJECT,4,60.0,70.0,80.0,60.0,,,,,,,85.0,60.0,85.0,REJECT,5,60.0,70.0,60.0,70.0,60.0,,,,,,75.0,60.0,80.0,APPROVE,1,60.0,,,,,,,,,,85.0,75.0,85.0,APPROVE,1,75.0,,,,,,,,,,85.0,45.0,70.0,REJECT,8,75.0,65.0,60.0,55.0,50.0,45.0,40.0,45.0,,,70.0,40.0,70.0,APPROVE,1,40.0,,,,,,,,,,85.0,70.0,85.0,APPROVE,1,70.0,,,,,,,,,
C1138,gpt-4o-mini,90,90,85,REJECT,0,,,,,,,,,,,85.0,90.0,95.0,APPROVE,1,90.0,,,,,,,,,,85.0,65.0,80.0,REJECT,2,70.0,65.0,,,,,,,,,85.0,85.0,85.0,REJECT,3,75.0,80.0,85.0,,,,,,,,85.0,60.0,70.0,REJECT,4,75.0,70.0,65.0,60.0,,,,,,,85.0,75.0,80.0,REJECT,5,70.0,65.0,75.0,80.0,75.0,,,,,,85.0,85.0,90.0,REJECT,6,70.0,85.0,80.0,85.0,80.0,85.0,,,,,85.0,75.0,80.0,REJECT,7,75.0,80.0,75.0,70.0,75.0,80.0,75.0,,,,85.0,40.0,70.0,REJECT,8,75.0,70.0,65.0,60.0,55.0,50.0,45.0,40.0,,,85.0,90.0,85.0,REJECT,9,70.0,75.0,80.0,85.0,90.0,85.0,90.0,85.0,90.0,,85.0,70.0,90.0,APPROVE,1,70.0,,,,,,,,,
C1170,gpt-4o-mini,75,75,85,REJECT,0,,,,,,,,,,,75.0,65.0,80.0,APPROVE,1,65.0,,,,,,,,,,75.0,90.0,85.0,APPROVE,1,90.0,,,,,,,,,,65.0,75.0,80.0,APPROVE,1,75.0,,,,,,,,,,,,,ERROR,0,,,,,,,,,,,,,,ERROR,0,,,,,,,,,,,75.0,20.0,75.0,REJECT,6,55.0,45.0,35.0,30.0,25.0,20.0,,,,,65.0,75.0,85.0,APPROVE,1,75.0,,,,,,,,,,68.0,75.0,75.0,REJECT,8,80.0,75.0,70.0,75.0,70.0,75.0,70.0,75.0,,,,,,ERROR,0,,,,,,,,,,,65.0,32.0,85.0,APPROVE,1,32.0,,,,,,,,,
C1235,gpt-4o-mini,54,54,85,REJECT,0,,,,,,,,,,,50.0,70.0,90.0,APPROVE,0,70.0,,,,,,,,,,58.0,75.0,80.0,REJECT,0,68.0,75.0,,,,,,,,,41.0,55.0,80.0,APPROVE,0,55.0,,,,,,,,,,70.0,60.0,80.0,APPROVE,0,60.0,,,,,,,,,,50.0,70.0,85.0,APPROVE,0,70.0,,,,,,,,,,63.0,90.0,75.0,REJECT,0,75.0,80.0,85.0,90.0,95.0,90.0,,,,,66.0,70.0,90.0,APPROVE,0,70.0,,,,,,,,,,65.0,90.0,90.0,REJECT,0,75.0,80.0,85.0,90.0,85.0,90.0,85.0,90.0,,,62.0,85.0,85.0,REJECT,0,75.0,80.0,85.0,90.0,95.0,90.0,85.0,90.0,85.0,,60.0,75.0,80.0,APPROVE,0,75.0,,,,,,,,,
C1324,gpt-4o-mini,50,50,85,REJECT,0,,,,,,,,,,,75.0,60.0,80.0,REJECT,1,60.0,,,,,,,,,,60.0,75.0,85.0,APPROVE,1,75.0,,,,,,,,,,70.0,50.0,80.0,APPROVE,1,50.0,,,,,,,,,,65.0,20.0,70.0,REJECT,4,50.0,40.0,30.0,20.0,,,,,,,75.0,55.0,80.0,APPROVE,2,50.0,55.0,,,,,,,,,65.0,60.0,70.0,REJECT,6,70.0,60.0,70.0,65.0,70.0,60.0,,,,,65.0,70.0,85.0,APPROVE,1,70.0,,,,,,,,,,55.0,90.0,90.0,REJECT,8,75.0,85.0,90.0,95.0,90.0,85.0,95.0,90.0,,,60.0,30.0,80.0,REJECT,9,50.0,40.0,30.0,35.0,30.0,30.0,30.0,30.0,30.0,,75.0,70.0,75.0,REJECT,10,65.0,70.0,65.0,70.0,65.0,70.0,65.0,70.0,65.0,70.0
C1333,gpt-4o-mini,53,53,80,REJECT,0,,,,,,,,,,,50.0,80.0,85.0,REJECT,1,80.0,,,,,,,,,,55.0,70.0,75.0,APPROVE,1,70.0,,,,,,,,,,50.0,75.0,80.0,REJECT,3,65.0,70.0,75.0,,,,,,,,55.0,80.0,85.0,REJECT,4,70.0,80.0,75.0,80.0,,,,,,,51.0,66.0,80.0,APPROVE,1,66.0,70.0,75.0,80.0,85.0,,,,,,37.0,37.0,85.0,APPROVE,0,44.0,54.0,44.0,54.0,44.0,54.0,,,,,55.0,90.0,85.0,REJECT,0,70.0,75.0,80.0,85.0,90.0,85.0,90.0,,,,55.0,70.0,80.0,REJECT,0,70.0,75.0,70.0,65.0,60.0,65.0,60.0,70.0,,,56.0,70.0,85.0,APPROVE,0,70.0,,,,,,,,,,51.0,70.0,90.0,APPROVE,0,70.0,,,,,,,,,
C1375,gpt-4o-mini,70,70,85,REJECT,0,,,,,,,,,,,75.0,60.0,80.0,REJECT,0,60.0,,,,,,,,,,85.0,60.0,80.0,REJECT,0,70.0,60.0,,,,,,,,,65.0,50.0,80.0,APPROVE,1,50.0,,,,,,,,,,75.0,60.0,80.0,APPROVE,1,60.0,,,,,,,,,,65.0,95.0,90.0,REJECT,5,75.0,80.0,85.0,90.0,95.0,,,,,,75.0,60.0,75.0,APPROVE,1,60.0,,,,,,,,,,75.0,60.0,80.0,APPROVE,1,60.0,60.0,70.0,80.0,70.0,80.0,70.0,,,,75.0,85.0,80.0,APPROVE,1,85.0,60.0,50.0,40.0,30.0,20.0,30.0,20.0,,,70.0,60.0,80.0,APPROVE,1,60.0,,,,,,,,,,75.0,60.0,80.0,APPROVE,1,60.0,45.0,30.0,40.0,35.0,30.0,25.0,30.0,35.0,30.0
C1387,gpt-4o-mini,20,20,85,APPROVE,0,,,,,,,,,,,20.0,20.0,90.0,APPROVE,0,25.0,,,,,,,,,,20.0,20.0,85.0,APPROVE,0,,,,,,,,,,,10.0,10.0,85.0,APPROVE,0,,,,,,,,,,,20.0,20.0,85.0,APPROVE,0,,,,,,,,,,,25.0,25.0,85.0,APPROVE,0,,,,,,,,,,,10.0,10.0,90.0,APPROVE,0,,,,,,,,,,,25.0,25.0,85.0,APPROVE,0,,,,,,,,,,,20.0,25.0,80.0,APPROVE,1,25.0,,,,,,,,,,20.0,20.0,90.0,APPROVE,0,,,,,,,,,,,20.0,20.0,85.0,APPROVE,0,,,,,,,,,,
C155,gpt-4o-mini,75,75,85,REJECT,0,,,,,,,,,,,65.0,70.0,80.0,APPROVE,1,70.0,,,,,,,,,,60.0,80.0,85.0,REJECT,2,75.0,80.0,,,,,,,,,65.0,85.0,90.0,REJECT,3,75.0,80.0,85.0,,,,,,,,65.0,65.0,75.0,REJECT,4,55.0,65.0,70.0,65.0,,,,,,,65.0,20.0,70.0,REJECT,5,40.0,35.0,30.0,25.0,20.0,,,,,,70.0,55.0,75.0,REJECT,6,80.0,75.0,70.0,65.0,60.0,55.0,,,,,75.0,50.0,70.0,REJECT,7,62.0,55.0,60.0,55.0,50.0,55.0,50.0,,,,65.0,30.0,85.0,REJECT,8,45.0,55.0,45.0,40.0,35.0,30.0,35.0,30.0,,,72.0,40.0,75.0,REJECT,9,50.0,40.0,35.0,50.0,40.0,30.0,40.0,30.0,40.0,,62.0,70.0,80.0,APPROVE,1,70.0,,,,,,,,,
C1597,gpt-4o-mini,31,31,85,REJECT,0,,,,,,,,,,,31.0,45.0,85.0,REJECT,0,45.0,,,,,,,,,,31.0,45.0,80.0,APPROVE,0,45.0,,,,,,,,,,31.0,65.0,80.0,REJECT,0,55.0,70.0,65.0,,,,,,,,31.0,50.0,85.0,APPROVE,0,50.0,,,,,,,,,,40.0,55.0,80.0,APPROVE,1,55.0,,,,,,,,,,40.0,40.0,80.0,APPROVE,0,38.0,43.0,50.0,55.0,60.0,65.0,,,,,31.0,45.0,75.0,APPROVE,0,45.0,,,,,,,,,,31.0,50.0,80.0,APPROVE,0,50.0,,,,,,,,,,31.0,20.0,85.0,APPROVE,0,20.0,,,,,,,,,,31.0,45.0,80.0,APPROVE,0,45.0,,,,,,,,,
C1687,gpt-4o-mini,33,33,75,REJECT,0,,,,,,,,,,,32.0,45.0,80.0,REJECT,0,45.0,,,,,,,,,,45.0,45.0,80.0,APPROVE,0,,,,,,,,,,,45.0,45.0,80.0,APPROVE,0,,,,,,,,,,,40.0,40.0,85.0,APPROVE,0,,,,,,,,,,,30.0,30.0,85.0,APPROVE,0,,,,,,,,,,,35.0,25.0,90.0,APPROVE,0,25.0,,,,,,,,,,41.0,41.0,80.0,APPROVE,0,30.0,,,,,,,,,,31.0,70.0,75.0,APPROVE,0,50.0,65.0,70.0,,,,,,,,40.0,40.0,80.0,APPROVE,0,55.0,,,,,,,,,,30.0,70.0,75.0,APPROVE,0,50.0,60.0,70.0,,,,,,,
C1781,gpt-4o-mini,75,75,85,REJECT,0,,,,,,,,,,,,,,ERROR,0,,,,,,,,,,,75.0,75.0,80.0,REJECT,2,65.0,75.0,,,,,,,,,75.0,55.0,80.0,APPROVE,1,55.0,,,,,,,,,,72.0,52.0,80.0,APPROVE,1,52.0,,,,,,,,,,71.0,45.0,90.0,APPROVE,1,45.0,,,,,,,,,,75.0,65.0,80.0,APPROVE,1,65.0,,,,,,,,,,85.0,45.0,80.0,REJECT,7,55.0,30.0,45.0,40.0,35.0,50.0,45.0,,,,85.0,60.0,85.0,APPROVE,1,60.0,,,,,,,,,,75.0,60.0,80.0,APPROVE,1,60.0,,,,,,,,,,80.0,70.0,80.0,APPROVE,1,70.0,,,,,,,,,
C1896,gpt-4o-mini,50,50,80,REJECT,0,,,,,,,,,,,40.0,60.0,85.0,REJECT,0,60.0,,,,,,,,,,50.0,70.0,90.0,APPROVE,0,65.0,70.0,,,,,,,,,50.0,50.0,80.0,APPROVE,0,,,,,,,,,,,50.0,60.0,80.0,REJECT,0,70.0,60.0,70.0,60.0,,,,,,,50.0,65.0,75.0,APPROVE,1,65.0,70.0,65.0,70.0,80.0,,,,,,59.0,75.0,90.0,APPROVE,1,75.0,70.0,60.0,70.0,60.0,70.0,,,,,45.0,50.0,90.0,APPROVE,1,50.0,,,,,,,,,,50.0,30.0,80.0,APPROVE,1,30.0,,,,,,,,,,55.0,70.0,80.0,APPROVE,1,70.0,,,,,,,,,,60.0,70.0,75.0,APPROVE,1,70.0,80.0,85.0,90.0,85.0,80.0,85.0,90.0,85.0,90.0
C1940,gpt-4o-mini,54,54,75,REJECT,0,,,,,,,,,,,55.0,65.0,85.0,APPROVE,0,65.0,,,,,,,,,,50.0,80.0,75.0,REJECT,0,70.0,80.0,,,,,,,,,50.0,60.0,85.0,APPROVE,0,60.0,,,,,,,,,,55.0,55.0,80.0,REJECT,0,70.0,65.0,60.0,55.0,,,,,,,61.0,75.0,90.0,APPROVE,0,75.0,,,,,,,,,,60.0,75.0,90.0,APPROVE,0,75.0,,,,,,,,,,55.0,65.0,80.0,REJECT,0,70.0,65.0,70.0,70.0,65.0,70.0,65.0,,,,60.0,90.0,90.0,APPROVE,0,75.0,80.0,85.0,90.0,95.0,90.0,85.0,90.0,,,50.0,70.0,85.0,APPROVE,0,70.0,,,,,,,,,,65.0,75.0,90.0,APPROVE,0,75.0,,,,,,,,,
C1941,gpt-4o-mini,40,40,75,REJECT,0,,,,,,,,,,,31.0,60.0,85.0,APPROVE,0,60.0,,,,,,,,,,31.0,50.0,90.0,APPROVE,0,50.0,,,,,,,,,,45.0,45.0,80.0,APPROVE,0,,,,,,,,,,,50.0,85.0,80.0,REJECT,0,70.0,80.0,90.0,85.0,,,,,,,31.0,45.0,90.0,APPROVE,0,45.0,,,,,,,,,,40.0,50.0,80.0,APPROVE,0,50.0,,,,,,,,,,31.0,45.0,85.0,APPROVE,0,45.0,,,,,,,,,,40.0,30.0,80.0,REJECT,0,50.0,40.0,35.0,30.0,35.0,30.0,25.0,30.0,,,31.0,31.0,75.0,APPROVE,0,70.0,,,,,,,,,,31.0,50.0,85.0,APPROVE,0,50.0,,,,,,,,,
C1965,gpt-4o-mini,31,31,85,REJECT,0,,,,,,,,,,,50.0,70.0,85.0,APPROVE,1,70.0,,,,,,,,,,31.0,60.0,85.0,APPROVE,1,60.0,,,,,,,,,,50.0,65.0,75.0,APPROVE,1,65.0,,,,,,,,,,31.0,50.0,75.0,APPROVE,1,50.0,,,,,,,,,,35.0,50.0,85.0,APPROVE,1,50.0,,,,,,,,,,31.0,50.0,80.0,APPROVE,1,50.0,,,,,,,,,,31.0,31.0,80.0,APPROVE,0,50.0,,,,,,,,,,31.0,50.0,85.0,APPROVE,1,50.0,,,,,,,,,,40.0,60.0,85.0,APPROVE,1,60.0,,,,,,,,,,40.0,55.0,90.0,APPROVE,1,55.0,,,,,,,,,
C1970,gpt-4o-mini,15,15,85,APPROVE,0,,,,,,,,,,,20.0,20.0,85.0,APPROVE,0,,,,,,,,,,,20.0,20.0,85.0,APPROVE,0,,,,,,,,,,,20.0,20.0,85.0,APPROVE,0,,,,,,,,,,,15.0,15.0,90.0,APPROVE,0,,,,,,,,,,,10.0,10.0,85.0,APPROVE,0,,,,,,,,,,,20.0,20.0,90.0,APPROVE,0,,,,,,,,,,,25.0,25.0,90.0,APPROVE,0,,,,,,,,,,,15.0,15.0,90.0,APPROVE,0,,,,,,,,,,,15.0,15.0,85.0,APPROVE,0,,,,,,,,,,,10.0,10.0,90.0,APPROVE,0,,,,,,,,,,
C1981,gpt-4o-mini,45,45,75,REJECT,0,,,,,,,,,,,55.0,70.0,75.0,APPROVE,0,70.0,,,,,,,,,,35.0,50.0,85.0,REJECT,0,45.0,50.0,,,,,,,,,31.0,50.0,85.0,APPROVE,0,50.0,,,,,,,,,,31.0,75.0,80.0,REJECT,4,55.0,65.0,70.0,75.0,,,,,,,31.0,75.0,80.0,APPROVE,3,45.0,60.0,75.0,,,,,,,,50.0,90.0,90.0,REJECT,6,70.0,80.0,85.0,90.0,85.0,90.0,,,,,41.0,65.0,80.0,APPROVE,1,65.0,,,,,,,,,,41.0,70.0,85.0,APPROVE,1,70.0,80.0,,,,,,,,,40.0,55.0,80.0,APPROVE,1,55.0,,,,,,,,,,35.0,45.0,70.0,APPROVE,2,50.0,45.0,,,,,,,,
C2069,gpt-4o-mini,65,65,80,REJECT,0,,,,,,,,,,,72.0,60.0,80.0,REJECT,1,60.0,,,,,,,,,,65.0,45.0,80.0,APPROVE,1,45.0,,,,,,,,,,67.0,75.0,85.0,APPROVE,1,75.0,,,,,,,,,,,,,ERROR,0,,,,,,,,,,,75.0,50.0,80.0,APPROVE,1,50.0,,,,,,,,,,65.0,90.0,90.0,REJECT,6,75.0,80.0,85.0,90.0,85.0,90.0,,,,,65.0,50.0,70.0,REJECT,7,55.0,50.0,60.0,55.0,50.0,45.0,50.0,,,,75.0,45.0,80.0,APPROVE,1,45.0,,,,,,,,,,65.0,30.0,70.0,REJECT,9,50.0,40.0,30.0,20.0,30.0,25.0,20.0,25.0,30.0,,75.0,70.0,75.0,REJECT,10,55.0,60.0,65.0,70.0,65.0,70.0,65.0,60.0,65.0,70.0
C2083,gpt-4o-mini,70,70,85,REJECT,0,,,,,,,,,,,69.0,75.0,85.0,REJECT,1,75.0,,,,,,,,,,62.0,70.0,85.0,APPROVE,1,70.0,,,,,,,,,,67.0,85.0,90.0,REJECT,3,75.0,80.0,85.0,,,,,,,,68.0,90.0,75.0,REJECT,4,75.0,80.0,85.0,90.0,,,,,,,65.0,75.0,80.0,APPROVE,1,75.0,,,,,,,,,,65.0,72.0,75.0,REJECT,6,73.0,75.0,80.0,76.0,74.0,72.0,,,,,68.0,75.0,80.0,APPROVE,1,75.0,,,,,,,,,,65.0,70.0,85.0,APPROVE,1,70.0,,,,,,,,,,70.0,80.0,90.0,APPROVE,1,80.0,,,,,,,,,,68.0,75.0,85.0,APPROVE,1,75.0,,,,,,,,,
C2096,gpt-4o-mini,75,75,85,REJECT,0,,,,,,,,,,,75.0,45.0,80.0,REJECT,1,45.0,,,,,,,,,,80.0,60.0,80.0,APPROVE,1,60.0,,,,,,,,,,71.0,40.0,70.0,REJECT,3,60.0,50.0,40.0,,,,,,,,70.0,90.0,80.0,REJECT,4,85.0,90.0,85.0,90.0,,,,,,,,,,ERROR,0,,,,,,,,,,,70.0,50.0,90.0,APPROVE,1,50.0,,,,,,,,,,60.0,90.0,90.0,REJECT,7,70.0,80.0,90.0,70.0,90.0,70.0,90.0,,,,70.0,70.0,80.0,REJECT,8,55.0,70.0,70.0,70.0,70.0,70.0,70.0,70.0,,,75.0,85.0,90.0,APPROVE,1,85.0,,,,,,,,,,80.0,50.0,90.0,APPROVE,1,50.0,,,,,,,,,
C2137,gpt-4o-mini,51,51,75,REJECT,0,,,,,,,,,,,31.0,70.0,85.0,REJECT,1,70.0,,,,,,,,,,50.0,60.0,75.0,APPROVE,1,60.0,,,,,,,,,,45.0,75.0,90.0,REJECT,3,55.0,70.0,75.0,,,,,,,,56.0,70.0,85.0,APPROVE,1,70.0,,,,,,,,,,51.0,85.0,85.0,REJECT,5,65.0,70.0,75.0,80.0,85.0,,,,,,45.0,70.0,85.0,APPROVE,1,70.0,75.0,80.0,70.0,75.0,70.0,,,,,55.0,65.0,85.0,APPROVE,1,65.0,,,,,,,,,,46.0,62.0,85.0,APPROVE,0,62.0,,,,,,,,,,35.0,65.0,85.0,APPROVE,1,65.0,,,,,,,,,,55.0,95.0,90.0,REJECT,10,70.0,80.0,85.0,90.0,95.0,85.0,90.0,95.0,90.0,95.0
C2146,gpt-4o-mini,80,80,85,REJECT,0,,,,,,,,,,,85.0,55.0,85.0,REJECT,1,55.0,,,,,,,,,,85.0,75.0,85.0,APPROVE,1,75.0,,,,,,,,,,85.0,60.0,75.0,REJECT,3,75.0,65.0,60.0,,,,,,,,,,,ERROR,0,,,,,,,,,,,,,,ERROR,0,,,,,,,,,,,,,,ERROR,0,,,,,,,,,,,,,,ERROR,0,,,,,,,,,,,,,,ERROR,0,,,,,,,,,,,85.0,30.0,70.0,REJECT,9,70.0,65.0,60.0,55.0,50.0,45.0,40.0,35.0,30.0,,85.0,90.0,85.0,REJECT,10,60.0,75.0,85.0,90.0,95.0,90.0,95.0,90.0,95.0,90.0
C2167,gpt-4o-mini,42,42,80,REJECT,0,,,,,,,,,,,41.0,60.0,80.0,APPROVE,1,60.0,,,,,,,,,,35.0,70.0,85.0,REJECT,2,60.0,70.0,,,,,,,,,45.0,40.0,70.0,REJECT,3,60.0,50.0,40.0,,,,,,,,31.0,70.0,75.0,REJECT,4,45.0,50.0,65.0,70.0,,,,,,,45.0,80.0,75.0,REJECT,5,60.0,70.0,65.0,75.0,80.0,,,,,,40.0,60.0,75.0,APPROVE,2,50.0,60.0,,,,,,,,,36.0,50.0,80.0,APPROVE,1,50.0,,,,,,,,,,40.0,40.0,80.0,APPROVE,0,58.0,,,,,,,,,,31.0,31.0,80.0,APPROVE,0,30.0,,,,,,,,,,31.0,50.0,85.0,APPROVE,0,50.0,,,,,,,,,
C2352,gpt-4o-mini,31,31,80,REJECT,0,,,,,,,,,,,31.0,55.0,75.0,REJECT,1,55.0,,,,,,,,,,40.0,70.0,70.0,REJECT,2,60.0,70.0,,,,,,,,,31.0,85.0,90.0,REJECT,3,70.0,80.0,85.0,,,,,,,,31.0,31.0,85.0,APPROVE,0,50.0,,,,,,,,,,31.0,45.0,80.0,APPROVE,1,45.0,,,,,,,,,,50.0,70.0,75.0,REJECT,6,65.0,70.0,75.0,70.0,65.0,70.0,,,,,30.0,70.0,75.0,APPROVE,2,50.0,70.0,80.0,90.0,85.0,90.0,85.0,,,,55.0,65.0,75.0,APPROVE,1,65.0,,,,,,,,,,40.0,70.0,85.0,APPROVE,1,70.0,,,,,,,,,,34.0,50.0,85.0,APPROVE,1,50.0,,,,,,,,,
C2356,gpt-4o-mini,20,20,85,APPROVE,0,,,,,,,,,,,20.0,20.0,90.0,APPROVE,0,15.0,,,,,,,,,,20.0,20.0,85.0,APPROVE,0,,,,,,,,,,,25.0,25.0,85.0,APPROVE,0,,,,,,,,,,,10.0,10.0,90.0,APPROVE,1,10.0,,,,,,,,,,20.0,25.0,85.0,APPROVE,1,25.0,,,,,,,,,,20.0,20.0,85.0,APPROVE,0,,,,,,,,,,,20.0,20.0,85.0,APPROVE,0,,,,,,,,,,,20.0,20.0,85.0,APPROVE,0,,,,,,,,,,,20.0,20.0,85.0,APPROVE,0,,,,,,,,,,,0.0,40.0,80.0,APPROVE,2,30.0,40.0,,,,,,,,
C2386,gpt-4o-mini,70,70,80,REJECT,0,,,,,,,,,,,70.0,65.0,80.0,REJECT,1,65.0,,,,,,,,,,70.0,60.0,80.0,APPROVE,1,60.0,,,,,,,,,,62.0,85.0,90.0,REJECT,3,75.0,80.0,85.0,,,,,,,,70.0,55.0,75.0,APPROVE,2,60.0,55.0,,,,,,,,,65.0,75.0,80.0,APPROVE,1,75.0,,,,,,,,,,69.0,75.0,80.0,APPROVE,1,75.0,,,,,,,,,,70.0,60.0,80.0,APPROVE,1,60.0,,,,,,,,,,61.0,70.0,70.0,APPROVE,1,70.0,,,,,,,,,,65.0,75.0,85.0,APPROVE,1,75.0,,,,,,,,,,69.0,72.0,80.0,APPROVE,1,72.0,,,,,,,,,
C2481,gpt-4o-mini,31,31,85,REJECT,0,,,,,,,,,,,40.0,50.0,75.0,APPROVE,1,50.0,,,,,,,,,,45.0,65.0,80.0,APPROVE,1,65.0,,,,,,,,,,50.0,50.0,85.0,APPROVE,0,60.0,75.0,80.0,,,,,,,,34.0,50.0,80.0,APPROVE,1,50.0,,,,,,,,,,65.0,65.0,85.0,APPROVE,0,45.0,,,,,,,,,,45.0,70.0,75.0,REJECT,0,65.0,70.0,75.0,80.0,75.0,70.0,,,,,33.0,60.0,85.0,APPROVE,0,50.0,60.0,80.0,85.0,90.0,95.0,100.0,,,,50.0,30.0,80.0,APPROVE,0,30.0,60.0,70.0,80.0,90.0,,,,,,50.0,40.0,85.0,REJECT,0,40.0,30.0,40.0,30.0,40.0,30.0,40.0,30.0,40.0,,55.0,70.0,80.0,APPROVE,0,70.0,75.0,80.0,85.0,90.0,95.0,90.0,95.0,85.0,90.0
C2516,gpt-4o-mini,60,60,80,REJECT,0,,,,,,,,,,,65.0,70.0,85.0,APPROVE,0,70.0,,,,,,,,,,63.0,80.0,85.0,REJECT,0,75.0,80.0,,,,,,,,,55.0,80.0,90.0,REJECT,0,70.0,75.0,80.0,,,,,,,,70.0,50.0,80.0,APPROVE,0,50.0,,,,,,,,,,62.0,90.0,80.0,REJECT,0,72.0,85.0,88.0,85.0,90.0,,,,,,70.0,60.0,80.0,APPROVE,0,60.0,,,,,,,,,,50.0,70.0,80.0,APPROVE,1,70.0,90.0,,,,,,,,,55.0,50.0,75.0,APPROVE,0,50.0,,,,,,,,,,62.0,85.0,80.0,REJECT,0,75.0,80.0,85.0,90.0,85.0,90.0,85.0,90.0,85.0,,58.0,90.0,85.0,REJECT,0,75.0,80.0,85.0,90.0,85.0,90.0,85.0,90.0,85.0,90.0
C2542,gpt-4o-mini,15,15,90,REJECT,0,,,,,,,,,,,10.0,10.0,90.0,APPROVE,0,,,,,,,,,,,10.0,10.0,90.0,APPROVE,0,,,,,,,,,,,20.0,20.0,90.0,APPROVE,0,,,,,,,,,,,10.0,10.0,85.0,APPROVE,0,,,,,,,,,,,20.0,20.0,85.0,APPROVE,0,,,,,,,,,,,20.0,20.0,85.0,APPROVE,0,,,,,,,,,,,20.0,40.0,85.0,APPROVE,1,40.0,,,,,,,,,,25.0,40.0,75.0,APPROVE,1,40.0,,,,,,,,,,10.0,10.0,85.0,APPROVE,0,,,,,,,,,,,10.0,10.0,90.0,APPROVE,0,,,,,,,,,,
C2576,gpt-4o-mini,61,61,75,REJECT,0,,,,,,,,,,,62.0,78.0,90.0,REJECT,1,78.0,,,,,,,,,,62.0,80.0,75.0,REJECT,2,75.0,80.0,,,,,,,,,69.0,70.0,75.0,APPROVE,2,75.0,70.0,,,,,,,,,66.0,72.0,80.0,APPROVE,1,72.0,65.0,70.0,,,,,,,,70.0,70.0,80.0,REJECT,0,75.0,70.0,75.0,70.0,70.0,,,,,,65.0,75.0,90.0,APPROVE,0,75.0,,,,,,,,,,62.0,75.0,90.0,APPROVE,0,75.0,,,,,,,,,,68.0,80.0,75.0,APPROVE,0,75.0,80.0,,,,,,,,,65.0,100.0,95.0,REJECT,0,70.0,75.0,80.0,85.0,90.0,95.0,90.0,95.0,100.0,,55.0,70.0,75.0,APPROVE,0,70.0,,,,,,,,,
C2645,gpt-4o-mini,52,52,80,REJECT,0,,,,,,,,,,,55.0,70.0,85.0,APPROVE,1,70.0,,,,,,,,,,46.0,70.0,75.0,REJECT,2,60.0,70.0,,,,,,,,,62.0,85.0,90.0,REJECT,3,75.0,80.0,85.0,,,,,,,,50.0,70.0,75.0,APPROVE,1,70.0,,,,,,,,,,63.0,85.0,90.0,REJECT,5,75.0,80.0,85.0,90.0,85.0,,,,,,51.0,70.0,80.0,APPROVE,1,70.0,,,,,,,,,,55.0,65.0,85.0,APPROVE,1,65.0,,,,,,,,,,50.0,65.0,75.0,APPROVE,1,65.0,,,,,,,,,,55.0,70.0,85.0,APPROVE,2,65.0,70.0,,,,,,,,,47.0,47.0,80.0,APPROVE,0,,,,,,,,,,
C2683,gpt-4o-mini,20,20,90,REJECT,0,,,,,,,,,,,20.0,35.0,80.0,APPROVE,1,35.0,,,,,,,,,,20.0,20.0,90.0,APPROVE,0,,,,,,,,,,,20.0,25.0,80.0,APPROVE,1,25.0,,,,,,,,,,20.0,40.0,80.0,APPROVE,1,40.0,,,,,,,,,,20.0,20.0,85.0,APPROVE,0,30.0,,,,,,,,,,25.0,25.0,85.0,APPROVE,0,,,,,,,,,,,20.0,20.0,85.0,APPROVE,0,40.0,,,,,,,,,,25.0,25.0,85.0,APPROVE,0,,,,,,,,,,,20.0,20.0,90.0,APPROVE,0,35.0,,,,,,,,,,20.0,20.0,85.0,APPROVE,0,35.0,,,,,,,,,
C2704,gpt-4o-mini,10,10,90,REJECT,0,,,,,,,,,,,20.0,30.0,80.0,APPROVE,1,30.0,,,,,,,,,,20.0,20.0,90.0,APPROVE,0,,,,,,,,,,,10.0,10.0,85.0,APPROVE,0,,,,,,,,,,,10.0,10.0,85.0,APPROVE,0,,,,,,,,,,,25.0,25.0,85.0,APPROVE,0,30.0,50.0,,,,,,,,,20.0,30.0,80.0,APPROVE,1,30.0,,,,,,,,,,20.0,20.0,85.0,APPROVE,0,,,,,,,,,,,10.0,10.0,85.0,APPROVE,0,,,,,,,,,,,20.0,40.0,80.0,APPROVE,1,40.0,,,,,,,,,,20.0,20.0,90.0,APPROVE,0,30.0,,,,,,,,,
C2729,gpt-4o-mini,55,55,75,REJECT,0,,,,,,,,,,,45.0,60.0,70.0,REJECT,1,60.0,,,,,,,,,,61.0,75.0,85.0,APPROVE,1,75.0,,,,,,,,,,51.0,65.0,80.0,APPROVE,1,65.0,,,,,,,,,,52.0,57.0,75.0,REJECT,4,62.0,55.0,60.0,57.0,,,,,,,50.0,65.0,85.0,APPROVE,1,65.0,,,,,,,,,,61.0,70.0,80.0,APPROVE,1,70.0,,,,,,,,,,47.0,65.0,80.0,APPROVE,1,65.0,,,,,,,,,,55.0,70.0,85.0,APPROVE,1,70.0,,,,,,,,,,61.0,75.0,80.0,APPROVE,1,75.0,,,,,,,,,,50.0,70.0,85.0,APPROVE,1,70.0,,,,,,,,,
C2754,gpt-4o-mini,85,85,90,REJECT,0,,,,,,,,,,,85.0,75.0,85.0,APPROVE,1,75.0,,,,,,,,,,85.0,65.0,80.0,REJECT,2,70.0,65.0,,,,,,,,,85.0,75.0,85.0,APPROVE,1,75.0,,,,,,,,,,85.0,75.0,85.0,APPROVE,1,75.0,,,,,,,,,,85.0,75.0,85.0,APPROVE,1,75.0,,,,,,,,,,85.0,60.0,75.0,REJECT,6,75.0,70.0,70.0,65.0,60.0,60.0,,,,,85.0,75.0,85.0,APPROVE,1,75.0,,,,,,,,,,85.0,70.0,85.0,APPROVE,1,70.0,,,,,,,,,,85.0,30.0,65.0,REJECT,9,80.0,70.0,65.0,60.0,55.0,50.0,45.0,35.0,30.0,,85.0,20.0,65.0,REJECT,10,75.0,65.0,60.0,55.0,50.0,45.0,40.0,30.0,25.0,20.0
C2859,gpt-4o-mini,40,40,80,REJECT,0,,,,,,,,,,,35.0,20.0,85.0,APPROVE,0,20.0,,,,,,,,,,31.0,45.0,90.0,APPROVE,0,45.0,,,,,,,,,,31.0,31.0,85.0,APPROVE,0,,,,,,,,,,,35.0,40.0,80.0,APPROVE,0,40.0,,,,,,,,,,40.0,50.0,85.0,APPROVE,0,50.0,,,,,,,,,,40.0,50.0,90.0,APPROVE,1,50.0,,,,,,,,,,31.0,40.0,80.0,APPROVE,1,40.0,,,,,,,,,,34.0,70.0,75.0,APPROVE,1,70.0,,,,,,,,,,31.0,31.0,85.0,APPROVE,0,60.0,,,,,,,,,,40.0,70.0,75.0,APPROVE,2,60.0,70.0,,,,,,,,
C2917,gpt-4o-mini,61,61,80,REJECT,0,,,,,,,,,,,55.0,65.0,85.0,REJECT,0,65.0,,,,,,,,,,50.0,75.0,85.0,REJECT,0,70.0,75.0,,,,,,,,,45.0,60.0,85.0,APPROVE,1,60.0,55.0,50.0,,,,,,,,31.0,80.0,85.0,REJECT,0,50.0,60.0,70.0,80.0,,,,,,,35.0,75.0,70.0,REJECT,0,50.0,60.0,65.0,70.0,75.0,,,,,,38.0,50.0,90.0,APPROVE,0,50.0,,,,,,,,,,31.0,70.0,80.0,APPROVE,0,45.0,50.0,60.0,65.0,70.0,,,,,,31.0,40.0,80.0,APPROVE,0,40.0,,,,,,,,,,31.0,60.0,85.0,REJECT,0,70.0,50.0,60.0,50.0,60.0,50.0,60.0,50.0,60.0,,45.0,90.0,80.0,REJECT,0,70.0,80.0,85.0,90.0,85.0,90.0,85.0,90.0,85.0,90.0
C2940,gpt-4o-mini,20,20,90,APPROVE,0,,,,,,,,,,,20.0,20.0,85.0,APPROVE,0,20.0,,,,,,,,,,20.0,20.0,90.0,APPROVE,0,30.0,,,,,,,,,,20.0,35.0,80.0,APPROVE,1,35.0,40.0,,,,,,,,,15.0,15.0,85.0,APPROVE,0,,,,,,,,,,,20.0,20.0,85.0,APPROVE,0,,,,,,,,,,,10.0,10.0,85.0,APPROVE,0,,,,,,,,,,,20.0,20.0,90.0,APPROVE,0,,,,,,,,,,,20.0,20.0,85.0,APPROVE,0,,,,,,,,,,,20.0,10.0,80.0,APPROVE,1,10.0,,,,,,,,,,20.0,40.0,75.0,APPROVE,1,40.0,,,,,,,,,
C2950,gpt-4o-mini,85,85,90,REJECT,0,,,,,,,,,,,80.0,70.0,80.0,REJECT,1,70.0,,,,,,,,,,75.0,40.0,75.0,REJECT,2,50.0,40.0,,,,,,,,,75.0,30.0,80.0,REJECT,3,50.0,40.0,30.0,,,,,,,,70.0,65.0,80.0,REJECT,4,50.0,65.0,70.0,65.0,,,,,,,80.0,40.0,70.0,REJECT,5,70.0,50.0,60.0,50.0,40.0,,,,,,85.0,60.0,75.0,APPROVE,3,70.0,65.0,60.0,,,,,,,,70.0,15.0,70.0,REJECT,7,50.0,40.0,30.0,20.0,20.0,10.0,15.0,,,,75.0,25.0,80.0,REJECT,8,60.0,55.0,50.0,45.0,40.0,35.0,30.0,25.0,,,85.0,70.0,80.0,REJECT,9,70.0,85.0,70.0,85.0,70.0,85.0,70.0,85.0,70.0,,75.0,5.0,70.0,REJECT,10,60.0,50.0,45.0,40.0,30.0,25.0,20.0,15.0,10.0,5.0
C2962,gpt-4o-mini,41,41,85,REJECT,0,,,,,,,,,,,31.0,60.0,75.0,APPROVE,1,60.0,,,,,,,,,,41.0,41.0,80.0,APPROVE,0,,,,,,,,,,,31.0,80.0,75.0,REJECT,3,50.0,70.0,80.0,,,,,,,,51.0,45.0,80.0,APPROVE,1,45.0,,,,,,,,,,35.0,55.0,80.0,APPROVE,1,55.0,,,,,,,,,,55.0,55.0,80.0,APPROVE,0,,,,,,,,,,,41.0,41.0,75.0,APPROVE,0,,,,,,,,,,,55.0,70.0,85.0,APPROVE,1,70.0,,,,,,,,,,35.0,70.0,90.0,APPROVE,1,70.0,,,,,,,,,,40.0,40.0,85.0,APPROVE,0,,,,,,,,,,
C2976,gpt-4o-mini,50,50,80,REJECT,0,,,,,,,,,,,50.0,70.0,85.0,APPROVE,0,70.0,,,,,,,,,,62.0,80.0,90.0,REJECT,0,75.0,80.0,,,,,,,,,45.0,60.0,80.0,APPROVE,0,60.0,,,,,,,,,,62.0,90.0,90.0,REJECT,0,70.0,80.0,85.0,90.0,,,,,,,60.0,75.0,85.0,APPROVE,0,75.0,,,,,,,,,,60.0,80.0,85.0,REJECT,0,75.0,80.0,85.0,90.0,85.0,80.0,,,,,50.0,70.0,75.0,APPROVE,0,70.0,,,,,,,,,,50.0,90.0,80.0,REJECT,0,70.0,80.0,85.0,90.0,85.0,90.0,85.0,90.0,,,50.0,70.0,80.0,APPROVE,0,70.0,,,,,,,,,,55.0,100.0,65.0,REJECT,0,70.0,80.0,90.0,100.0,90.0,100.0,90.0,100.0,90.0,100.0
C2996,gpt-4o-mini,95,95,85,REJECT,0,,,,,,,,,,,85.0,75.0,85.0,REJECT,1,75.0,,,,,,,,,,85.0,80.0,85.0,REJECT,2,75.0,80.0,,,,,,,,,95.0,85.0,85.0,REJECT,3,85.0,90.0,85.0,,,,,,,,85.0,75.0,85.0,APPROVE,1,75.0,70.0,65.0,60.0,,,,,,,85.0,55.0,70.0,REJECT,5,75.0,70.0,65.0,60.0,55.0,,,,,,85.0,95.0,90.0,REJECT,6,90.0,95.0,90.0,95.0,90.0,95.0,,,,,85.0,50.0,70.0,REJECT,7,75.0,70.0,70.0,65.0,60.0,55.0,50.0,,,,85.0,95.0,90.0,APPROVE,1,95.0,,,,,,,,,,95.0,85.0,85.0,APPROVE,1,85.0,100.0,100.0,100.0,100.0,100.0,100.0,100.0,100.0,,85.0,95.0,90.0,APPROVE,0,95.0,75.0,70.0,65.0,60.0,50.0,40.0,35.0,30.0,25.0
C3052,gpt-4o-mini,65,65,80,REJECT,0,,,,,,,,,,,70.0,80.0,85.0,REJECT,1,80.0,,,,,,,,,,75.0,45.0,75.0,REJECT,2,55.0,45.0,,,,,,,,,75.0,50.0,75.0,REJECT,3,60.0,55.0,50.0,,,,,,,,70.0,30.0,70.0,REJECT,4,60.0,50.0,40.0,30.0,,,,,,,70.0,70.0,75.0,REJECT,5,90.0,85.0,80.0,75.0,70.0,,,,,,75.0,62.0,80.0,APPROVE,1,62.0,,,,,,,,,,75.0,15.0,70.0,REJECT,7,55.0,40.0,30.0,25.0,20.0,10.0,15.0,,,,68.0,86.0,90.0,REJECT,8,72.0,75.0,78.0,80.0,82.0,85.0,83.0,86.0,,,67.0,85.0,80.0,REJECT,9,75.0,80.0,85.0,90.0,85.0,90.0,85.0,90.0,85.0,,70.0,50.0,80.0,APPROVE,1,50.0,,,,,,,,,
C3057,gpt-4o-mini,85,85,90,REJECT,0,,,,,,,,,,,85.0,75.0,85.0,REJECT,1,75.0,,,,,,,,,,85.0,70.0,80.0,REJECT,2,75.0,70.0,,,,,,,,,85.0,60.0,75.0,REJECT,3,75.0,70.0,60.0,,,,,,,,85.0,75.0,85.0,APPROVE,1,75.0,85.0,87.0,88.0,,,,,,,85.0,55.0,70.0,REJECT,5,75.0,70.0,65.0,60.0,55.0,,,,,,85.0,95.0,90.0,REJECT,6,90.0,95.0,90.0,95.0,90.0,95.0,,,,,85.0,75.0,80.0,REJECT,7,75.0,80.0,75.0,70.0,75.0,70.0,75.0,,,,85.0,75.0,85.0,APPROVE,0,75.0,,,,,,,,,,85.0,70.0,85.0,APPROVE,0,70.0,,,,,,,,,,85.0,75.0,85.0,APPROVE,0,75.0,,,,,,,,,
C3259,gpt-4o-mini,85,85,90,REJECT,0,,,,,,,,,,,31.0,55.0,80.0,APPROVE,1,55.0,,,,,,,,,,50.0,70.0,85.0,APPROVE,1,70.0,,,,,,,,,,65.0,30.0,70.0,REJECT,3,50.0,40.0,30.0,,,,,,,,60.0,85.0,90.0,REJECT,4,55.0,70.0,80.0,85.0,,,,,,,55.0,40.0,85.0,APPROVE,1,40.0,,,,,,,,,,75.0,40.0,70.0,REJECT,6,65.0,60.0,55.0,50.0,45.0,40.0,,,,,55.0,70.0,75.0,REJECT,7,45.0,50.0,60.0,65.0,70.0,65.0,70.0,,,,61.0,95.0,80.0,REJECT,8,72.0,83.0,92.0,95.0,90.0,95.0,98.0,95.0,,,55.0,5.0,80.0,REJECT,9,45.0,42.0,35.0,30.0,25.0,20.0,15.0,10.0,5.0,,,,,ERROR,0,,,,,,,,,,
C3274,gpt-4o-mini,50,50,75,REJECT,0,,,,,,,,,,,44.0,65.0,75.0,APPROVE,0,65.0,,,,,,,,,,50.0,50.0,70.0,APPROVE,0,70.0,50.0,,,,,,,,,31.0,25.0,90.0,APPROVE,0,25.0,,,,,,,,,,31.0,31.0,80.0,APPROVE,0,50.0,,,,,,,,,,50.0,50.0,80.0,REJECT,0,70.0,70.0,50.0,70.0,50.0,,,,,,36.0,65.0,80.0,REJECT,0,55.0,50.0,65.0,65.0,60.0,65.0,,,,,31.0,31.0,75.0,APPROVE,0,70.0,50.0,70.0,50.0,70.0,50.0,70.0,,,,31.0,50.0,85.0,APPROVE,0,50.0,,,,,,,,,,40.0,60.0,80.0,REJECT,9,60.0,70.0,60.0,70.0,60.0,70.0,60.0,70.0,60.0,,35.0,40.0,85.0,APPROVE,1,40.0,70.0,,,,,,,,
C3287,gpt-4o-mini,70,70,85,REJECT,0,,,,,,,,,,,55.0,70.0,85.0,APPROVE,0,70.0,,,,,,,,,,69.0,80.0,85.0,APPROVE,0,80.0,,,,,,,,,,65.0,80.0,75.0,REJECT,0,70.0,75.0,80.0,,,,,,,,70.0,65.0,85.0,APPROVE,0,65.0,,,,,,,,,,60.0,95.0,80.0,REJECT,0,70.0,80.0,85.0,90.0,95.0,,,,,,69.0,80.0,80.0,APPROVE,0,80.0,,,,,,,,,,60.0,75.0,85.0,APPROVE,0,75.0,,,,,,,,,,50.0,70.0,75.0,APPROVE,0,70.0,,,,,,,,,,55.0,65.0,85.0,APPROVE,0,65.0,,,,,,,,,,75.0,68.0,90.0,APPROVE,0,68.0,,,,,,,,,
C3408,gpt-4o-mini,50,50,85,REJECT,0,,,,,,,,,,,31.0,70.0,85.0,REJECT,0,70.0,,,,,,,,,,40.0,50.0,85.0,APPROVE,0,50.0,,,,,,,,,,40.0,45.0,85.0,APPROVE,0,45.0,,,,,,,,,,39.0,55.0,90.0,APPROVE,0,55.0,,,,,,,,,,31.0,55.0,85.0,APPROVE,0,45.0,55.0,,,,,,,,,31.0,80.0,75.0,REJECT,0,45.0,55.0,65.0,70.0,75.0,80.0,,,,,31.0,30.0,75.0,REJECT,0,50.0,45.0,40.0,35.0,30.0,25.0,30.0,,,,31.0,50.0,85.0,APPROVE,0,50.0,,,,,,,,,,41.0,55.0,85.0,APPROVE,0,55.0,50.0,70.0,70.0,70.0,70.0,70.0,70.0,70.0,,31.0,31.0,85.0,APPROVE,0,55.0,,,,,,,,,
C3553,gpt-4o-mini,85,85,90,REJECT,0,,,,,,,,,,,85.0,70.0,85.0,REJECT,0,70.0,,,,,,,,,,85.0,65.0,85.0,REJECT,0,70.0,65.0,,,,,,,,,85.0,70.0,85.0,APPROVE,1,70.0,65.0,60.0,,,,,,,,85.0,50.0,70.0,REJECT,4,70.0,60.0,55.0,50.0,,,,,,,90.0,70.0,75.0,REJECT,5,70.0,85.0,70.0,85.0,70.0,,,,,,90.0,60.0,75.0,APPROVE,1,60.0,65.0,60.0,55.0,50.0,45.0,,,,,85.0,70.0,80.0,APPROVE,2,65.0,70.0,65.0,60.0,55.0,50.0,45.0,,,,85.0,70.0,80.0,APPROVE,2,75.0,70.0,70.0,80.0,70.0,80.0,70.0,80.0,,,85.0,70.0,85.0,APPROVE,1,70.0,70.0,65.0,60.0,55.0,50.0,55.0,50.0,45.0,,85.0,75.0,85.0,APPROVE,1,75.0,70.0,80.0,70.0,,,,,,
C3629,gpt-4o-mini,75,75,85,REJECT,0,,,,,,,,,,,70.0,60.0,75.0,REJECT,0,60.0,,,,,,,,,,75.0,68.0,80.0,APPROVE,0,68.0,,,,,,,,,,72.0,65.0,80.0,APPROVE,0,65.0,,,,,,,,,,70.0,30.0,70.0,REJECT,0,60.0,50.0,40.0,30.0,,,,,,,70.0,80.0,80.0,APPROVE,0,80.0,,,,,,,,,,75.0,60.0,75.0,REJECT,0,65.0,60.0,55.0,50.0,55.0,60.0,,,,,75.0,60.0,80.0,APPROVE,0,60.0,,,,,,,,,,72.0,65.0,80.0,APPROVE,0,65.0,,,,,,,,,,75.0,85.0,80.0,REJECT,0,65.0,70.0,75.0,80.0,85.0,80.0,85.0,80.0,85.0,,75.0,68.0,80.0,APPROVE,0,68.0,,,,,,,,,
C3641,gpt-4o-mini,20,20,85,REJECT,0,,,,,,,,,,,20.0,20.0,85.0,APPROVE,0,,,,,,,,,,,20.0,20.0,85.0,APPROVE,0,40.0,,,,,,,,,,20.0,20.0,85.0,APPROVE,0,,,,,,,,,,,20.0,25.0,80.0,APPROVE,1,25.0,,,,,,,,,,30.0,35.0,85.0,APPROVE,1,35.0,,,,,,,,,,20.0,20.0,85.0,APPROVE,0,,,,,,,,,,,20.0,40.0,80.0,APPROVE,1,40.0,,,,,,,,,,20.0,20.0,90.0,APPROVE,0,,,,,,,,,,,15.0,15.0,85.0,APPROVE,0,30.0,,,,,,,,,,20.0,20.0,85.0,APPROVE,0,,,,,,,,,,
C3686,gpt-4o-mini,85,85,90,REJECT,0,,,,,,,,,,,85.0,75.0,85.0,REJECT,1,75.0,,,,,,,,,,80.0,70.0,75.0,REJECT,2,55.0,70.0,,,,,,,,,85.0,60.0,75.0,REJECT,3,70.0,65.0,60.0,,,,,,,,85.0,70.0,80.0,REJECT,4,55.0,70.0,60.0,70.0,,,,,,,85.0,60.0,80.0,REJECT,5,60.0,70.0,60.0,70.0,60.0,,,,,,85.0,35.0,80.0,REJECT,6,70.0,60.0,50.0,45.0,40.0,35.0,,,,,85.0,50.0,80.0,APPROVE,2,60.0,50.0,,,,,,,,,85.0,50.0,80.0,APPROVE,1,50.0,,,,,,,,,,85.0,70.0,85.0,APPROVE,1,70.0,,,,,,,,,,85.0,70.0,85.0,APPROVE,1,70.0,,,,,,,,,
C3726,gpt-4o-mini,85,85,90,REJECT,0,,,,,,,,,,,85.0,75.0,85.0,REJECT,1,75.0,,,,,,,,,,85.0,70.0,80.0,REJECT,2,75.0,70.0,,,,,,,,,85.0,60.0,75.0,REJECT,3,70.0,65.0,60.0,,,,,,,,80.0,60.0,80.0,REJECT,4,75.0,70.0,65.0,60.0,,,,,,,85.0,75.0,85.0,APPROVE,1,75.0,,,,,,,,,,85.0,75.0,85.0,APPROVE,1,75.0,,,,,,,,,,85.0,80.0,85.0,REJECT,7,70.0,60.0,80.0,70.0,80.0,70.0,80.0,,,,85.0,40.0,70.0,REJECT,8,75.0,70.0,65.0,60.0,55.0,50.0,45.0,40.0,,,80.0,80.0,80.0,REJECT,9,60.0,70.0,80.0,90.0,80.0,90.0,80.0,90.0,80.0,,85.0,25.0,80.0,REJECT,10,70.0,65.0,60.0,55.0,50.0,45.0,40.0,35.0,30.0,25.0
C3829,gpt-4o-mini,77,77,85,REJECT,0,,,,,,,,,,,75.0,65.0,80.0,APPROVE,0,65.0,,,,,,,,,,75.0,60.0,80.0,APPROVE,0,60.0,,,,,,,,,,68.0,75.0,80.0,APPROVE,0,75.0,,,,,,,,,,75.0,55.0,75.0,APPROVE,0,60.0,55.0,,,,,,,,,70.0,60.0,80.0,APPROVE,0,60.0,,,,,,,,,,72.0,65.0,80.0,APPROVE,0,65.0,,,,,,,,,,70.0,70.0,75.0,REJECT,0,55.0,65.0,70.0,65.0,70.0,65.0,70.0,,,,70.0,90.0,90.0,REJECT,0,85.0,90.0,95.0,90.0,95.0,90.0,95.0,90.0,,,72.0,25.0,60.0,REJECT,0,68.0,60.0,55.0,50.0,45.0,40.0,35.0,30.0,25.0,,70.0,75.0,80.0,APPROVE,0,75.0,,,,,,,,,
C3831,gpt-4o-mini,60,60,80,REJECT,0,,,,,,,,,,,65.0,75.0,85.0,REJECT,0,75.0,,,,,,,,,,62.0,75.0,85.0,APPROVE,1,75.0,,,,,,,,,,63.0,75.0,80.0,APPROVE,0,75.0,,,,,,,,,,56.0,70.0,75.0,APPROVE,0,70.0,,,,,,,,,,55.0,95.0,80.0,REJECT,0,70.0,80.0,85.0,90.0,95.0,,,,,,75.0,70.0,75.0,REJECT,0,65.0,70.0,60.0,55.0,65.0,70.0,,,,,65.0,72.0,90.0,APPROVE,0,72.0,,,,,,,,,,60.0,75.0,80.0,APPROVE,0,75.0,,,,,,,,,,64.0,90.0,90.0,REJECT,0,70.0,75.0,80.0,85.0,90.0,85.0,90.0,95.0,90.0,,55.0,75.0,85.0,REJECT,0,75.0,85.0,80.0,85.0,80.0,75.0,80.0,75.0,80.0,75.0
C3837,gpt-4o-mini,67,67,80,REJECT,0,,,,,,,,,,,61.0,70.0,80.0,REJECT,1,70.0,,,,,,,,,,65.0,80.0,85.0,REJECT,2,75.0,80.0,,,,,,,,,62.0,80.0,85.0,APPROVE,2,75.0,80.0,75.0,,,,,,,,61.0,75.0,80.0,APPROVE,1,75.0,80.0,85.0,90.0,,,,,,,67.0,75.0,85.0,APPROVE,1,75.0,,,,,,,,,,61.0,70.0,80.0,APPROVE,1,70.0,80.0,85.0,90.0,95.0,90.0,,,,,70.0,60.0,80.0,APPROVE,1,60.0,79.0,85.0,82.0,84.0,88.0,86.0,,,,63.0,70.0,85.0,APPROVE,1,70.0,70.0,65.0,70.0,65.0,70.0,65.0,70.0,,,68.0,75.0,80.0,APPROVE,1,75.0,,,,,,,,,,55.0,70.0,85.0,APPROVE,0,70.0,,,,,,,,,
C3855,gpt-4o-mini,41,41,75,APPROVE,0,,,,,,,,,,,31.0,50.0,80.0,APPROVE,1,50.0,,,,,,,,,,31.0,50.0,75.0,REJECT,2,45.0,50.0,,,,,,,,,40.0,50.0,85.0,APPROVE,1,50.0,,,,,,,,,,31.0,20.0,85.0,APPROVE,1,20.0,,,,,,,,,,31.0,30.0,70.0,APPROVE,4,50.0,40.0,35.0,30.0,,,,,,,40.0,50.0,85.0,APPROVE,1,50.0,,,,,,,,,,31.0,30.0,90.0,APPROVE,1,30.0,,,,,,,,,,31.0,70.0,70.0,APPROVE,3,45.0,60.0,70.0,,,,,,,,35.0,70.0,85.0,APPROVE,1,70.0,,,,,,,,,,40.0,70.0,80.0,REJECT,10,60.0,70.0,75.0,70.0,75.0,70.0,75.0,70.0,75.0,70.0
C3882,gpt-4o-mini,60,60,80,REJECT,0,,,,,,,,,,,65.0,75.0,85.0,APPROVE,1,75.0,,,,,,,,,,55.0,70.0,85.0,APPROVE,1,70.0,,,,,,,,,,65.0,85.0,90.0,REJECT,3,75.0,80.0,85.0,,,,,,,,61.0,75.0,80.0,APPROVE,1,75.0,,,,,,,,,,65.0,75.0,85.0,APPROVE,1,75.0,,,,,,,,,,41.0,60.0,80.0,APPROVE,2,65.0,60.0,,,,,,,,,52.0,60.0,75.0,APPROVE,1,60.0,,,,,,,,,,50.0,75.0,85.0,APPROVE,1,75.0,,,,,,,,,,55.0,75.0,90.0,APPROVE,1,75.0,,,,,,,,,,61.0,75.0,85.0,APPROVE,1,75.0,,,,,,,,,
C3891,gpt-4o-mini,62,62,85,REJECT,0,,,,,,,,,,,55.0,68.0,80.0,REJECT,1,68.0,,,,,,,,,,75.0,65.0,80.0,APPROVE,1,65.0,,,,,,,,,,65.0,40.0,70.0,REJECT,0,40.0,30.0,40.0,,,,,,,,61.0,75.0,85.0,APPROVE,0,75.0,,,,,,,,,,55.0,80.0,85.0,APPROVE,0,65.0,70.0,75.0,80.0,,,,,,,61.0,75.0,85.0,REJECT,0,70.0,75.0,80.0,75.0,80.0,75.0,,,,,50.0,70.0,85.0,APPROVE,0,70.0,,,,,,,,,,61.0,90.0,85.0,REJECT,0,75.0,80.0,85.0,90.0,95.0,90.0,95.0,90.0,,,60.0,70.0,80.0,APPROVE,0,70.0,,,,,,,,,,45.0,60.0,85.0,APPROVE,0,60.0,,,,,,,,,
C3946,gpt-4o-mini,31,31,85,REJECT,0,,,,,,,,,,,31.0,70.0,80.0,REJECT,0,70.0,,,,,,,,,,32.0,50.0,75.0,REJECT,0,40.0,50.0,,,,,,,,,31.0,50.0,85.0,REJECT,0,50.0,40.0,50.0,,,,,,,,44.0,60.0,80.0,APPROVE,0,60.0,,,,,,,,,,31.0,75.0,70.0,REJECT,0,55.0,60.0,65.0,70.0,75.0,,,,,,41.0,41.0,85.0,APPROVE,0,,,,,,,,,,,50.0,40.0,85.0,APPROVE,0,40.0,,,,,,,,,,31.0,45.0,70.0,REJECT,0,50.0,45.0,50.0,45.0,40.0,45.0,40.0,45.0,,,41.0,70.0,80.0,REJECT,0,70.0,50.0,60.0,50.0,70.0,60.0,70.0,60.0,70.0,,45.0,75.0,80.0,REJECT,0,65.0,70.0,75.0,80.0,80.0,75.0,80.0,75.0,80.0,75.0
C4020,gpt-4o-mini,31,31,80,REJECT,0,,,,,,,,,,,55.0,60.0,90.0,REJECT,1,60.0,,,,,,,,,,55.0,75.0,85.0,APPROVE,1,75.0,,,,,,,,,,31.0,90.0,85.0,REJECT,3,70.0,80.0,90.0,,,,,,,,55.0,75.0,80.0,APPROVE,1,75.0,,,,,,,,,,50.0,70.0,85.0,APPROVE,1,70.0,,,,,,,,,,50.0,60.0,90.0,APPROVE,1,60.0,,,,,,,,,,50.0,70.0,85.0,APPROVE,1,70.0,,,,,,,,,,59.0,70.0,80.0,APPROVE,1,70.0,55.0,50.0,55.0,50.0,55.0,50.0,55.0,,,31.0,70.0,65.0,APPROVE,0,50.0,60.0,70.0,,,,,,,,55.0,70.0,75.0,APPROVE,0,70.0,,,,,,,,,
C4080,gpt-4o-mini,70,70,85,REJECT,0,,,,,,,,,,,65.0,75.0,80.0,REJECT,1,75.0,,,,,,,,,,81.0,65.0,75.0,REJECT,2,70.0,65.0,,,,,,,,,65.0,85.0,90.0,REJECT,3,75.0,80.0,85.0,,,,,,,,70.0,55.0,80.0,APPROVE,1,55.0,,,,,,,,,,75.0,70.0,80.0,APPROVE,1,70.0,,,,,,,,,,75.0,35.0,70.0,REJECT,6,60.0,55.0,50.0,45.0,40.0,35.0,,,,,65.0,90.0,95.0,REJECT,7,70.0,75.0,80.0,85.0,90.0,85.0,90.0,,,,70.0,65.0,75.0,REJECT,8,55.0,65.0,70.0,65.0,70.0,65.0,70.0,65.0,,,65.0,75.0,85.0,APPROVE,1,75.0,,,,,,,,,,68.0,90.0,90.0,APPROVE,2,80.0,90.0,,,,,,,,
C4122,gpt-4o-mini,61,61,80,REJECT,0,,,,,,,,,,,60.0,70.0,90.0,APPROVE,1,70.0,,,,,,,,,,63.0,75.0,85.0,REJECT,2,70.0,75.0,,,,,,,,,55.0,75.0,85.0,APPROVE,1,75.0,85.0,90.0,,,,,,,,65.0,75.0,80.0,APPROVE,1,75.0,,,,,,,,,,65.0,70.0,75.0,APPROVE,1,70.0,80.0,85.0,90.0,95.0,,,,,,55.0,70.0,80.0,APPROVE,1,70.0,,,,,,,,,,65.0,70.0,85.0,APPROVE,1,70.0,,,,,,,,,,65.0,75.0,85.0,APPROVE,1,75.0,,,,,,,,,,60.0,95.0,90.0,REJECT,0,75.0,80.0,85.0,90.0,95.0,90.0,95.0,90.0,95.0,,70.0,10.0,65.0,REJECT,0,60.0,50.0,40.0,30.0,25.0,20.0,15.0,10.0,5.0,10.0
C4131,gpt-4o-mini,85,85,90,REJECT,0,,,,,,,,,,,85.0,75.0,85.0,REJECT,1,75.0,,,,,,,,,,85.0,75.0,85.0,APPROVE,1,75.0,70.0,,,,,,,,,85.0,65.0,80.0,REJECT,0,75.0,70.0,65.0,,,,,,,,85.0,75.0,85.0,APPROVE,1,75.0,65.0,60.0,55.0,,,,,,,85.0,95.0,90.0,APPROVE,1,95.0,,,,,,,,,,85.0,75.0,90.0,APPROVE,1,75.0,70.0,65.0,60.0,55.0,50.0,,,,,85.0,40.0,70.0,REJECT,0,70.0,65.0,60.0,55.0,50.0,45.0,40.0,,,,85.0,70.0,85.0,APPROVE,1,70.0,70.0,65.0,80.0,75.0,70.0,65.0,70.0,,,85.0,70.0,85.0,APPROVE,1,70.0,100.0,,,,,,,,,85.0,70.0,85.0,APPROVE,1,70.0,80.0,85.0,90.0,80.0,85.0,90.0,85.0,90.0,85.0
C4169,gpt-4o-mini,75,75,80,REJECT,0,,,,,,,,,,,85.0,45.0,85.0,APPROVE,1,45.0,,,,,,,,,,75.0,30.0,80.0,REJECT,2,40.0,30.0,,,,,,,,,80.0,30.0,80.0,REJECT,3,50.0,40.0,30.0,,,,,,,,85.0,70.0,80.0,REJECT,4,75.0,70.0,75.0,70.0,,,,,,,75.0,25.0,70.0,REJECT,5,60.0,50.0,40.0,30.0,25.0,,,,,,85.0,90.0,85.0,REJECT,6,65.0,70.0,75.0,80.0,85.0,90.0,,,,,80.0,50.0,70.0,REJECT,7,70.0,60.0,50.0,40.0,30.0,40.0,50.0,,,,85.0,55.0,85.0,APPROVE,1,55.0,,,,,,,,,,80.0,0.0,70.0,REJECT,9,60.0,50.0,30.0,25.0,20.0,15.0,10.0,5.0,0.0,,75.0,15.0,80.0,REJECT,10,55.0,60.0,50.0,45.0,40.0,35.0,30.0,25.0,20.0,15.0
C4195,gpt-4o-mini,65,65,85,REJECT,0,,,,,,,,,,,55.0,70.0,75.0,REJECT,1,70.0,,,,,,,,,,60.0,60.0,80.0,REJECT,2,70.0,60.0,,,,,,,,,55.0,70.0,80.0,APPROVE,2,75.0,70.0,,,,,,,,,61.0,75.0,90.0,APPROVE,1,75.0,,,,,,,,,,51.0,75.0,80.0,REJECT,5,65.0,70.0,75.0,80.0,75.0,,,,,,68.0,80.0,85.0,APPROVE,2,75.0,80.0,,,,,,,,,62.0,74.0,85.0,APPROVE,1,74.0,,,,,,,,,,55.0,75.0,90.0,APPROVE,2,70.0,75.0,,,,,,,,,45.0,65.0,75.0,APPROVE,1,65.0,,,,,,,,,,47.0,65.0,85.0,APPROVE,1,65.0,,,,,,,,,
C4206,gpt-4o-mini,85,85,90,REJECT,0,,,,,,,,,,,88.0,95.0,90.0,APPROVE,1,95.0,,,,,,,,,,85.0,70.0,80.0,REJECT,2,75.0,70.0,,,,,,,,,85.0,65.0,75.0,REJECT,3,75.0,70.0,65.0,,,,,,,,85.0,60.0,80.0,REJECT,4,75.0,70.0,65.0,60.0,,,,,,,85.0,55.0,70.0,REJECT,5,75.0,70.0,65.0,60.0,55.0,,,,,,85.0,90.0,90.0,REJECT,6,75.0,80.0,85.0,90.0,85.0,90.0,,,,,92.0,85.0,80.0,REJECT,7,70.0,80.0,85.0,90.0,85.0,90.0,85.0,,,,85.0,80.0,80.0,REJECT,8,75.0,80.0,85.0,90.0,85.0,90.0,85.0,80.0,,,90.0,90.0,80.0,REJECT,9,75.0,80.0,90.0,85.0,90.0,85.0,90.0,85.0,90.0,,85.0,85.0,90.0,APPROVE,2,75.0,85.0,,,,,,,,
C4230,gpt-4o-mini,31,31,85,REJECT,0,,,,,,,,,,,31.0,55.0,85.0,REJECT,0,55.0,,,,,,,,,,45.0,70.0,80.0,REJECT,0,65.0,70.0,,,,,,,,,40.0,50.0,70.0,APPROVE,0,50.0,,,,,,,,,,31.0,70.0,90.0,REJECT,0,68.0,70.0,68.0,70.0,,,,,,,39.0,70.0,75.0,REJECT,0,50.0,55.0,60.0,65.0,70.0,,,,,,31.0,41.0,85.0,APPROVE,1,41.0,,,,,,,,,,45.0,45.0,80.0,APPROVE,0,,,,,,,,,,,45.0,55.0,85.0,APPROVE,0,55.0,,,,,,,,,,31.0,85.0,85.0,APPROVE,0,65.0,70.0,75.0,80.0,85.0,90.0,85.0,90.0,85.0,,31.0,45.0,85.0,APPROVE,0,45.0,,,,,,,,,
C4235,gpt-4o-mini,45,45,85,REJECT,0,,,,,,,,,,,55.0,75.0,85.0,APPROVE,0,75.0,,,,,,,,,,45.0,55.0,80.0,APPROVE,0,55.0,,,,,,,,,,55.0,70.0,80.0,APPROVE,0,70.0,,,,,,,,,,61.0,85.0,90.0,REJECT,0,70.0,75.0,80.0,85.0,,,,,,,60.0,75.0,80.0,REJECT,0,65.0,70.0,75.0,80.0,75.0,,,,,,31.0,31.0,75.0,APPROVE,0,70.0,31.0,75.0,80.0,85.0,80.0,,,,,65.0,75.0,80.0,APPROVE,0,75.0,55.0,65.0,60.0,65.0,60.0,65.0,,,,45.0,65.0,85.0,REJECT,0,55.0,65.0,70.0,65.0,70.0,65.0,70.0,65.0,,,51.0,65.0,85.0,APPROVE,0,65.0,80.0,85.0,90.0,95.0,90.0,95.0,90.0,85.0,,55.0,70.0,85.0,APPROVE,0,70.0,,,,,,,,,
C430,gpt-4o-mini,65,65,85,REJECT,0,,,,,,,,,,,55.0,70.0,75.0,REJECT,1,70.0,,,,,,,,,,65.0,70.0,85.0,APPROVE,1,70.0,,,,,,,,,,65.0,85.0,90.0,REJECT,3,75.0,80.0,85.0,,,,,,,,65.0,30.0,80.0,REJECT,4,50.0,40.0,35.0,30.0,,,,,,,65.0,25.0,70.0,REJECT,5,50.0,40.0,35.0,30.0,25.0,,,,,,68.0,30.0,70.0,REJECT,6,55.0,52.0,45.0,40.0,35.0,30.0,,,,,45.0,20.0,75.0,REJECT,7,60.0,50.0,40.0,35.0,30.0,25.0,20.0,,,,65.0,5.0,60.0,REJECT,8,55.0,45.0,30.0,25.0,20.0,15.0,10.0,5.0,,,65.0,45.0,85.0,APPROVE,1,45.0,,,,,,,,,,65.0,65.0,80.0,APPROVE,2,40.0,65.0,,,,,,,,
C4334,gpt-4o-mini,85,85,90,REJECT,0,,,,,,,,,,,85.0,70.0,85.0,REJECT,1,70.0,,,,,,,,,,85.0,75.0,80.0,REJECT,2,70.0,75.0,,,,,,,,,85.0,85.0,85.0,REJECT,3,75.0,80.0,85.0,,,,,,,,85.0,50.0,70.0,REJECT,4,70.0,65.0,60.0,50.0,,,,,,,85.0,75.0,85.0,APPROVE,1,75.0,,,,,,,,,,85.0,75.0,85.0,APPROVE,1,75.0,,,,,,,,,,85.0,75.0,85.0,APPROVE,1,75.0,,,,,,,,,,85.0,90.0,95.0,APPROVE,1,90.0,,,,,,,,,,85.0,35.0,75.0,REJECT,9,75.0,70.0,65.0,60.0,55.0,50.0,45.0,40.0,35.0,,85.0,90.0,90.0,REJECT,10,75.0,80.0,85.0,90.0,85.0,90.0,85.0,90.0,85.0,90.0
C4348,gpt-4o-mini,38,38,85,REJECT,0,,,,,,,,,,,31.0,45.0,90.0,REJECT,0,45.0,,,,,,,,,,31.0,40.0,80.0,REJECT,0,45.0,40.0,,,,,,,,,31.0,50.0,80.0,APPROVE,0,50.0,,,,,,,,,,31.0,31.0,80.0,APPROVE,0,,,,,,,,,,,39.0,45.0,80.0,APPROVE,0,45.0,,,,,,,,,,30.0,30.0,85.0,APPROVE,0,,,,,,,,,,,31.0,50.0,80.0,APPROVE,0,50.0,,,,,,,,,,41.0,70.0,80.0,REJECT,0,55.0,60.0,65.0,70.0,65.0,70.0,65.0,70.0,,,31.0,31.0,75.0,APPROVE,0,,,,,,,,,,,40.0,80.0,80.0,REJECT,0,50.0,60.0,70.0,80.0,70.0,80.0,75.0,80.0,70.0,80.0
C4375,gpt-4o-mini,75,75,90,REJECT,0,,,,,,,,,,,85.0,70.0,75.0,APPROVE,1,70.0,,,,,,,,,,85.0,55.0,80.0,REJECT,2,60.0,55.0,,,,,,,,,85.0,60.0,85.0,APPROVE,1,60.0,,,,,,,,,,85.0,85.0,85.0,REJECT,4,70.0,85.0,70.0,85.0,,,,,,,85.0,50.0,75.0,APPROVE,3,70.0,60.0,50.0,,,,,,,,85.0,60.0,85.0,APPROVE,1,60.0,,,,,,,,,,85.0,45.0,70.0,REJECT,7,75.0,70.0,65.0,60.0,55.0,50.0,45.0,,,,85.0,75.0,80.0,REJECT,8,60.0,70.0,80.0,75.0,85.0,80.0,85.0,75.0,,,75.0,75.0,80.0,REJECT,9,65.0,70.0,75.0,70.0,75.0,70.0,75.0,70.0,75.0,,85.0,75.0,80.0,APPROVE,1,75.0,,,,,,,,,
C4376,gpt-4o-mini,75,75,85,REJECT,0,,,,,,,,,,,66.0,75.0,85.0,REJECT,1,75.0,,,,,,,,,,70.0,60.0,85.0,APPROVE,1,60.0,,,,,,,,,,65.0,72.0,85.0,APPROVE,1,72.0,,,,,,,,,,61.0,75.0,85.0,APPROVE,1,75.0,,,,,,,,,,66.0,85.0,85.0,REJECT,5,80.0,85.0,90.0,95.0,85.0,,,,,,72.0,65.0,85.0,APPROVE,1,65.0,,,,,,,,,,62.0,70.0,80.0,APPROVE,1,70.0,,,,,,,,,,65.0,75.0,85.0,APPROVE,1,75.0,,,,,,,,,,69.0,75.0,85.0,APPROVE,1,75.0,,,,,,,,,,55.0,70.0,90.0,APPROVE,1,70.0,,,,,,,,,
C4388,gpt-4o-mini,85,85,90,REJECT,0,,,,,,,,,,,85.0,70.0,85.0,APPROVE,1,70.0,,,,,,,,,,85.0,70.0,85.0,REJECT,2,60.0,70.0,,,,,,,,,85.0,65.0,80.0,REJECT,3,75.0,70.0,65.0,,,,,,,,85.0,65.0,75.0,REJECT,4,80.0,75.0,70.0,65.0,,,,,,,75.0,75.0,80.0,REJECT,5,60.0,70.0,80.0,75.0,75.0,,,,,,85.0,85.0,80.0,REJECT,6,70.0,75.0,80.0,85.0,90.0,85.0,,,,,85.0,75.0,85.0,APPROVE,1,75.0,,,,,,,,,,75.0,70.0,80.0,REJECT,8,85.0,80.0,75.0,70.0,75.0,70.0,75.0,70.0,,,85.0,90.0,90.0,REJECT,9,75.0,80.0,90.0,85.0,90.0,85.0,90.0,85.0,90.0,,82.0,75.0,80.0,REJECT,10,65.0,70.0,75.0,80.0,75.0,70.0,80.0,75.0,80.0,75.0
C4402,gpt-4o-mini,85,85,90,REJECT,0,,,,,,,,,,,80.0,70.0,80.0,REJECT,1,70.0,,,,,,,,,,85.0,90.0,90.0,APPROVE,1,90.0,,,,,,,,,,85.0,65.0,75.0,REJECT,3,75.0,70.0,65.0,,,,,,,,85.0,75.0,85.0,APPROVE,1,75.0,,,,,,,,,,85.0,75.0,85.0,APPROVE,1,75.0,,,,,,,,,,85.0,45.0,80.0,REJECT,6,70.0,65.0,60.0,55.0,50.0,45.0,,,,,85.0,45.0,70.0,REJECT,7,75.0,70.0,65.0,60.0,55.0,50.0,45.0,,,,85.0,90.0,85.0,REJECT,8,75.0,80.0,85.0,90.0,85.0,90.0,85.0,90.0,,,85.0,30.0,70.0,REJECT,9,80.0,70.0,65.0,55.0,50.0,40.0,30.0,25.0,30.0,,85.0,75.0,85.0,APPROVE,1,75.0,,,,,,,,,
C4562,gpt-4o-mini,50,50,85,REJECT,0,,,,,,,,,,,45.0,55.0,85.0,APPROVE,1,55.0,,,,,,,,,,31.0,55.0,85.0,APPROVE,1,55.0,,,,,,,,,,45.0,35.0,75.0,APPROVE,1,35.0,,,,,,,,,,31.0,70.0,85.0,APPROVE,1,70.0,,,,,,,,,,40.0,70.0,85.0,APPROVE,1,70.0,,,,,,,,,,45.0,60.0,80.0,APPROVE,1,60.0,,,,,,,,,,31.0,60.0,85.0,APPROVE,1,60.0,,,,,,,,,,31.0,61.0,80.0,APPROVE,1,61.0,70.0,,,,,,,,,31.0,70.0,80.0,APPROVE,1,70.0,,,,,,,,,,50.0,50.0,80.0,APPROVE,0,65.0,,,,,,,,,
C4615,gpt-4o-mini,41,41,85,REJECT,0,,,,,,,,,,,31.0,51.0,70.0,REJECT,0,51.0,,,,,,,,,,31.0,50.0,75.0,APPROVE,0,50.0,,,,,,,,,,40.0,80.0,90.0,REJECT,0,60.0,70.0,80.0,,,,,,,,31.0,60.0,70.0,APPROVE,0,50.0,60.0,,,,,,,,,40.0,60.0,75.0,APPROVE,0,60.0,,,,,,,,,,45.0,70.0,80.0,APPROVE,0,70.0,,,,,,,,,,31.0,45.0,80.0,APPROVE,0,45.0,,,,,,,,,,31.0,65.0,85.0,APPROVE,0,65.0,,,,,,,,,,41.0,60.0,75.0,APPROVE,0,60.0,,,,,,,,,,40.0,40.0,80.0,APPROVE,0,50.0,40.0,,,,,,,,
C4621,gpt-4o-mini,50,50,85,REJECT,0,,,,,,,,,,,75.0,50.0,80.0,REJECT,1,50.0,,,,,,,,,,68.0,80.0,85.0,REJECT,2,75.0,80.0,,,,,,,,,60.0,90.0,90.0,REJECT,3,70.0,80.0,90.0,,,,,,,,75.0,65.0,75.0,APPROVE,1,65.0,70.0,60.0,70.0,,,,,,,72.0,50.0,70.0,REJECT,5,60.0,50.0,40.0,30.0,50.0,,,,,,71.0,50.0,75.0,APPROVE,1,50.0,,,,,,,,,,75.0,25.0,75.0,REJECT,7,55.0,50.0,40.0,35.0,30.0,25.0,25.0,,,,75.0,50.0,80.0,APPROVE,0,50.0,,,,,,,,,,70.0,70.0,80.0,REJECT,9,85.0,70.0,75.0,70.0,75.0,70.0,70.0,75.0,70.0,,65.0,75.0,85.0,APPROVE,1,75.0,,,,,,,,,
C4637,gpt-4o-mini,31,31,85,REJECT,0,,,,,,,,,,,47.0,60.0,85.0,APPROVE,0,60.0,,,,,,,,,,31.0,45.0,80.0,APPROVE,0,45.0,,,,,,,,,,41.0,70.0,85.0,APPROVE,0,70.0,,,,,,,,,,45.0,55.0,80.0,APPROVE,0,55.0,,,,,,,,,,40.0,60.0,80.0,APPROVE,0,60.0,,,,,,,,,,45.0,60.0,85.0,APPROVE,0,60.0,,,,,,,,,,45.0,55.0,90.0,APPROVE,0,55.0,,,,,,,,,,47.0,60.0,80.0,APPROVE,1,60.0,60.0,50.0,55.0,60.0,55.0,50.0,40.0,,,45.0,55.0,80.0,APPROVE,1,55.0,,,,,,,,,,35.0,35.0,80.0,APPROVE,0,45.0,,,,,,,,,
C4749,gpt-4o-mini,61,61,85,REJECT,0,,,,,,,,,,,59.0,72.0,85.0,APPROVE,1,72.0,,,,,,,,,,63.0,70.0,75.0,REJECT,2,75.0,70.0,,,,,,,,,67.0,70.0,85.0,APPROVE,2,75.0,70.0,75.0,,,,,,,,62.0,70.0,85.0,APPROVE,0,70.0,,,,,,,,,,70.0,60.0,80.0,APPROVE,1,60.0,80.0,85.0,90.0,85.0,,,,,,57.0,80.0,90.0,APPROVE,3,70.0,75.0,80.0,,,,,,,,55.0,65.0,75.0,APPROVE,1,65.0,85.0,90.0,95.0,92.0,95.0,97.0,,,,66.0,75.0,80.0,APPROVE,0,75.0,,,,,,,,,,62.0,75.0,90.0,APPROVE,1,75.0,70.0,75.0,80.0,85.0,90.0,85.0,90.0,85.0,,70.0,80.0,90.0,APPROVE,1,80.0,80.0,85.0,90.0,85.0,90.0,85.0,80.0,85.0,90.0
C4856,gpt-4o-mini,71,71,85,REJECT,0,,,,,,,,,,,65.0,75.0,85.0,APPROVE,1,75.0,,,,,,,,,,75.0,75.0,75.0,REJECT,2,65.0,75.0,,,,,,,,,70.0,40.0,70.0,REJECT,3,60.0,50.0,40.0,,,,,,,,70.0,60.0,75.0,REJECT,4,50.0,60.0,70.0,60.0,,,,,,,75.0,45.0,70.0,REJECT,5,65.0,60.0,55.0,50.0,45.0,,,,,,70.0,50.0,80.0,APPROVE,1,50.0,,,,,,,,,,70.0,50.0,75.0,APPROVE,1,50.0,,,,,,,,,,70.0,40.0,75.0,REJECT,8,50.0,40.0,30.0,40.0,30.0,40.0,30.0,40.0,,,70.0,90.0,90.0,REJECT,9,85.0,90.0,95.0,85.0,90.0,85.0,90.0,85.0,90.0,,85.0,60.0,85.0,APPROVE,1,60.0,,,,,,,,,
C4935,gpt-4o-mini,10,10,90,REJECT,0,,,,,,,,,,,0.0,30.0,85.0,REJECT,1,30.0,,,,,,,,,,10.0,10.0,85.0,APPROVE,0,30.0,30.0,,,,,,,,,20.0,20.0,85.0,APPROVE,0,20.0,,,,,,,,,,10.0,40.0,75.0,REJECT,4,15.0,20.0,30.0,40.0,,,,,,,10.0,10.0,90.0,APPROVE,0,25.0,30.0,,,,,,,,,10.0,10.0,90.0,APPROVE,0,,,,,,,,,,,10.0,10.0,90.0,APPROVE,0,,,,,,,,,,,15.0,25.0,80.0,APPROVE,1,25.0,,,,,,,,,,10.0,30.0,85.0,APPROVE,1,30.0,,,,,,,,,,10.0,10.0,90.0,APPROVE,0,,,,,,,,,,
C4968,gpt-4o-mini,50,50,80,REJECT,0,,,,,,,,,,,43.0,57.0,75.0,APPROVE,0,57.0,,,,,,,,,,31.0,20.0,90.0,APPROVE,1,20.0,40.0,,,,,,,,,50.0,90.0,95.0,REJECT,0,70.0,80.0,90.0,,,,,,,,40.0,60.0,80.0,APPROVE,0,60.0,,,,,,,,,,50.0,90.0,85.0,APPROVE,0,70.0,80.0,90.0,,,,,,,,50.0,85.0,75.0,REJECT,0,70.0,75.0,80.0,85.0,90.0,85.0,,,,,41.0,70.0,85.0,APPROVE,0,70.0,85.0,70.0,,,,,,,,60.0,90.0,80.0,REJECT,0,70.0,80.0,85.0,90.0,85.0,90.0,85.0,90.0,,,50.0,70.0,85.0,APPROVE,0,70.0,,,,,,,,,,60.0,75.0,70.0,APPROVE,0,75.0,70.0,75.0,,,,,,,
C5075,gpt-4o-mini,41,41,75,REJECT,0,,,,,,,,,,,31.0,45.0,80.0,REJECT,0,45.0,,,,,,,,,,51.0,67.0,85.0,APPROVE,0,67.0,61.0,,,,,,,,,31.0,60.0,75.0,REJECT,0,45.0,50.0,60.0,,,,,,,,44.0,70.0,80.0,REJECT,0,60.0,70.0,80.0,70.0,,,,,,,51.0,70.0,80.0,REJECT,0,60.0,65.0,70.0,75.0,70.0,,,,,,45.0,50.0,70.0,REJECT,0,60.0,55.0,50.0,55.0,50.0,50.0,,,,,50.0,70.0,75.0,REJECT,0,70.0,60.0,70.0,60.0,70.0,60.0,70.0,,,,45.0,85.0,80.0,REJECT,0,50.0,55.0,60.0,65.0,70.0,75.0,80.0,85.0,,,45.0,70.0,80.0,APPROVE,0,70.0,80.0,90.0,85.0,90.0,85.0,90.0,85.0,90.0,,50.0,90.0,85.0,APPROVE,0,70.0,80.0,90.0,85.0,90.0,,,,,
C5091,gpt-4o-mini,60,60,80,REJECT,0,,,,,,,,,,,67.0,75.0,80.0,APPROVE,0,75.0,,,,,,,,,,66.0,80.0,85.0,APPROVE,0,75.0,80.0,,,,,,,,,62.0,75.0,85.0,APPROVE,0,75.0,,,,,,,,,,62.0,70.0,85.0,REJECT,0,75.0,70.0,75.0,70.0,,,,,,,62.0,70.0,90.0,APPROVE,0,70.0,,,,,,,,,,64.0,90.0,80.0,REJECT,0,75.0,80.0,85.0,90.0,85.0,90.0,,,,,67.0,75.0,85.0,APPROVE,0,75.0,,,,,,,,,,61.0,70.0,80.0,APPROVE,0,70.0,,,,,,,,,,65.0,90.0,80.0,REJECT,0,75.0,80.0,85.0,85.0,90.0,85.0,90.0,85.0,90.0,,65.0,85.0,80.0,REJECT,0,70.0,75.0,80.0,85.0,90.0,85.0,90.0,85.0,90.0,85.0
C512,gpt-4o-mini,85,85,90,REJECT,0,,,,,,,,,,,85.0,70.0,85.0,APPROVE,1,70.0,,,,,,,,,,85.0,80.0,85.0,REJECT,2,70.0,80.0,,,,,,,,,85.0,35.0,80.0,REJECT,3,55.0,45.0,35.0,,,,,,,,85.0,70.0,85.0,APPROVE,1,70.0,,,,,,,,,,85.0,35.0,70.0,REJECT,5,70.0,60.0,50.0,40.0,35.0,,,,,,85.0,45.0,70.0,REJECT,6,70.0,65.0,60.0,55.0,50.0,45.0,,,,,85.0,85.0,80.0,REJECT,7,50.0,60.0,70.0,80.0,75.0,80.0,85.0,,,,75.0,50.0,80.0,APPROVE,1,50.0,,,,,,,,,,85.0,35.0,75.0,REJECT,9,75.0,70.0,65.0,60.0,55.0,50.0,45.0,40.0,35.0,,75.0,30.0,75.0,REJECT,10,40.0,50.0,60.0,50.0,40.0,50.0,40.0,50.0,40.0,30.0
C5153,gpt-4o-mini,60,60,85,REJECT,0,,,,,,,,,,,69.0,75.0,80.0,REJECT,1,75.0,,,,,,,,,,66.0,80.0,90.0,REJECT,2,75.0,80.0,,,,,,,,,61.0,80.0,85.0,REJECT,3,70.0,75.0,80.0,,,,,,,,61.0,93.0,90.0,REJECT,4,75.0,82.0,88.0,93.0,,,,,,,62.0,80.0,90.0,APPROVE,2,75.0,80.0,,,,,,,,,67.0,75.0,85.0,APPROVE,1,75.0,,,,,,,,,,66.0,75.0,85.0,APPROVE,1,75.0,70.0,,,,,,,,,55.0,70.0,75.0,APPROVE,1,70.0,,,,,,,,,,62.0,85.0,90.0,APPROVE,0,85.0,,,,,,,,,,65.0,75.0,80.0,APPROVE,1,75.0,80.0,85.0,90.0,85.0,80.0,75.0,80.0,75.0,70.0
C5181,gpt-4o-mini,75,75,85,REJECT,0,,,,,,,,,,,80.0,70.0,85.0,REJECT,1,70.0,,,,,,,,,,70.0,85.0,90.0,APPROVE,1,85.0,,,,,,,,,,70.0,50.0,80.0,APPROVE,1,50.0,,,,,,,,,,71.0,45.0,75.0,REJECT,4,50.0,60.0,50.0,45.0,,,,,,,70.0,70.0,85.0,REJECT,5,85.0,30.0,70.0,50.0,70.0,,,,,,75.0,20.0,60.0,REJECT,6,50.0,40.0,35.0,30.0,25.0,20.0,,,,,70.0,30.0,80.0,REJECT,7,50.0,40.0,30.0,20.0,30.0,20.0,30.0,,,,70.0,31.0,85.0,REJECT,8,31.0,31.0,31.0,31.0,31.0,31.0,31.0,31.0,,,75.0,50.0,80.0,APPROVE,1,50.0,,,,,,,,,,75.0,65.0,70.0,REJECT,10,45.0,65.0,55.0,65.0,55.0,65.0,55.0,65.0,55.0,65.0
C5270,gpt-4o-mini,85,85,90,REJECT,0,,,,,,,,,,,85.0,70.0,85.0,APPROVE,1,70.0,,,,,,,,,,85.0,70.0,85.0,APPROVE,1,70.0,,,,,,,,,,85.0,35.0,75.0,REJECT,3,50.0,40.0,35.0,,,,,,,,85.0,60.0,75.0,REJECT,4,75.0,70.0,65.0,60.0,,,,,,,85.0,45.0,70.0,REJECT,5,70.0,65.0,55.0,50.0,45.0,,,,,,85.0,80.0,85.0,REJECT,6,70.0,80.0,75.0,80.0,75.0,80.0,,,,,85.0,75.0,80.0,REJECT,7,75.0,80.0,75.0,80.0,75.0,80.0,75.0,,,,85.0,60.0,90.0,APPROVE,1,60.0,,,,,,,,,,85.0,30.0,70.0,REJECT,9,70.0,65.0,60.0,55.0,50.0,45.0,40.0,35.0,30.0,,85.0,15.0,75.0,REJECT,10,70.0,60.0,55.0,50.0,45.0,40.0,30.0,25.0,20.0,15.0
C5292,gpt-4o-mini,55,55,80,REJECT,0,,,,,,,,,,,55.0,70.0,80.0,REJECT,1,70.0,,,,,,,,,,32.0,45.0,90.0,APPROVE,1,45.0,70.0,,,,,,,,,50.0,40.0,80.0,APPROVE,0,40.0,,,,,,,,,,51.0,70.0,85.0,APPROVE,1,70.0,80.0,90.0,85.0,,,,,,,30.0,75.0,80.0,REJECT,0,54.0,70.0,80.0,70.0,75.0,,,,,,35.0,45.0,85.0,APPROVE,0,45.0,,,,,,,,,,45.0,45.0,75.0,APPROVE,0,55.0,,,,,,,,,,50.0,70.0,70.0,APPROVE,1,70.0,,,,,,,,,,45.0,35.0,75.0,APPROVE,1,35.0,,,,,,,,,,45.0,55.0,85.0,APPROVE,1,55.0,,,,,,,,,
C5350,gpt-4o-mini,70,70,85,REJECT,0,,,,,,,,,,,65.0,70.0,85.0,APPROVE,1,70.0,,,,,,,,,,75.0,60.0,80.0,APPROVE,1,60.0,,,,,,,,,,65.0,75.0,80.0,APPROVE,1,75.0,,,,,,,,,,75.0,45.0,80.0,APPROVE,1,45.0,,,,,,,,,,70.0,45.0,65.0,REJECT,5,65.0,60.0,55.0,50.0,45.0,,,,,,70.0,65.0,75.0,REJECT,6,55.0,65.0,60.0,65.0,60.0,65.0,,,,,75.0,55.0,75.0,REJECT,7,85.0,80.0,75.0,70.0,65.0,60.0,55.0,,,,75.0,70.0,75.0,APPROVE,2,60.0,70.0,,,,,,,,,70.0,85.0,85.0,REJECT,9,75.0,80.0,85.0,90.0,85.0,90.0,85.0,90.0,85.0,,75.0,65.0,80.0,APPROVE,1,65.0,,,,,,,,,
C5352,gpt-4o-mini,72,72,85,REJECT,0,,,,,,,,,,,62.0,75.0,80.0,APPROVE,0,75.0,,,,,,,,,,55.0,70.0,80.0,APPROVE,0,70.0,,,,,,,,,,65.0,85.0,80.0,REJECT,0,75.0,80.0,85.0,,,,,,,,65.0,78.0,85.0,APPROVE,0,78.0,,,,,,,,,,70.0,60.0,80.0,APPROVE,0,60.0,,,,,,,,,,72.0,50.0,80.0,APPROVE,0,50.0,,,,,,,,,,67.0,95.0,85.0,REJECT,0,75.0,80.0,85.0,90.0,95.0,90.0,95.0,,,,70.0,60.0,80.0,APPROVE,0,60.0,,,,,,,,,,74.0,75.0,75.0,REJECT,0,65.0,70.0,75.0,70.0,75.0,70.0,75.0,70.0,75.0,,72.0,65.0,80.0,APPROVE,0,65.0,,,,,,,,,
C5608,gpt-4o-mini,31,31,75,REJECT,0,,,,,,,,,,,45.0,45.0,80.0,APPROVE,0,,,,,,,,,,,50.0,50.0,85.0,APPROVE,0,,,,,,,,,,,50.0,70.0,70.0,REJECT,0,70.0,75.0,70.0,,,,,,,,35.0,75.0,85.0,REJECT,0,50.0,65.0,70.0,75.0,,,,,,,31.0,45.0,80.0,APPROVE,0,45.0,,,,,,,,,,31.0,31.0,75.0,APPROVE,0,,,,,,,,,,,40.0,60.0,80.0,APPROVE,0,60.0,,,,,,,,,,31.0,49.0,85.0,APPROVE,0,49.0,,,,,,,,,,45.0,55.0,75.0,APPROVE,0,55.0,,,,,,,,,,31.0,50.0,85.0,APPROVE,0,50.0,,,,,,,,,
C5698,gpt-4o-mini,45,45,80,REJECT,0,,,,,,,,,,,31.0,50.0,90.0,APPROVE,0,50.0,,,,,,,,,,31.0,31.0,85.0,APPROVE,0,,,,,,,,,,,45.0,40.0,70.0,REJECT,0,60.0,50.0,40.0,,,,,,,,31.0,50.0,80.0,REJECT,0,45.0,55.0,65.0,50.0,,,,,,,31.0,50.0,80.0,APPROVE,2,45.0,50.0,50.0,40.0,30.0,,,,,,31.0,61.0,80.0,APPROVE,0,61.0,,,,,,,,,,40.0,60.0,85.0,APPROVE,0,60.0,,,,,,,,,,31.0,50.0,85.0,APPROVE,0,50.0,,,,,,,,,,31.0,31.0,85.0,APPROVE,0,,,,,,,,,,,31.0,50.0,85.0,APPROVE,0,50.0,,,,,,,,,
C5747,gpt-4o-mini,85,85,90,REJECT,0,,,,,,,,,,,85.0,75.0,85.0,REJECT,1,75.0,,,,,,,,,,85.0,70.0,85.0,APPROVE,1,70.0,,,,,,,,,,85.0,55.0,70.0,REJECT,3,70.0,60.0,55.0,,,,,,,,85.0,80.0,85.0,REJECT,4,60.0,70.0,75.0,80.0,,,,,,,75.0,65.0,80.0,REJECT,5,65.0,70.0,65.0,70.0,65.0,,,,,,85.0,50.0,70.0,REJECT,6,75.0,70.0,65.0,60.0,55.0,50.0,,,,,85.0,50.0,85.0,APPROVE,1,50.0,,,,,,,,,,85.0,65.0,85.0,APPROVE,1,65.0,,,,,,,,,,85.0,60.0,85.0,APPROVE,1,60.0,,,,,,,,,,85.0,40.0,80.0,REJECT,10,70.0,60.0,50.0,40.0,30.0,20.0,40.0,30.0,20.0,40.0
C5765,gpt-4o-mini,31,31,75,REJECT,0,,,,,,,,,,,30.0,30.0,85.0,APPROVE,0,60.0,,,,,,,,,,40.0,40.0,85.0,APPROVE,0,70.0,,,,,,,,,,31.0,60.0,70.0,REJECT,3,45.0,55.0,60.0,,,,,,,,40.0,60.0,80.0,APPROVE,1,60.0,,,,,,,,,,32.0,45.0,80.0,APPROVE,1,45.0,,,,,,,,,,40.0,70.0,80.0,APPROVE,1,70.0,,,,,,,,,,45.0,55.0,75.0,APPROVE,0,55.0,,,,,,,,,,31.0,50.0,80.0,APPROVE,0,50.0,,,,,,,,,,31.0,40.0,85.0,APPROVE,0,40.0,,,,,,,,,,30.0,70.0,80.0,APPROVE,0,70.0,,,,,,,,,
C5843,gpt-4o-mini,85,85,90,REJECT,0,,,,,,,,,,,85.0,70.0,85.0,REJECT,0,70.0,,,,,,,,,,85.0,80.0,85.0,REJECT,0,75.0,80.0,,,,,,,,,85.0,85.0,90.0,REJECT,0,75.0,80.0,85.0,,,,,,,,90.0,90.0,85.0,REJECT,4,70.0,90.0,70.0,90.0,,,,,,,85.0,62.0,75.0,REJECT,5,78.0,70.0,68.0,65.0,62.0,,,,,,85.0,75.0,85.0,APPROVE,1,75.0,,,,,,,,,,90.0,75.0,80.0,APPROVE,1,75.0,70.0,65.0,60.0,50.0,40.0,35.0,,,,85.0,75.0,80.0,REJECT,0,70.0,75.0,80.0,75.0,70.0,75.0,70.0,75.0,,,85.0,90.0,90.0,REJECT,0,65.0,85.0,90.0,85.0,90.0,85.0,90.0,85.0,90.0,,85.0,30.0,70.0,REJECT,0,75.0,70.0,65.0,60.0,55.0,50.0,45.0,40.0,35.0,30.0
C589,gpt-4o-mini,85,85,90,REJECT,0,,,,,,,,,,,85.0,75.0,85.0,APPROVE,1,75.0,,,,,,,,,,85.0,60.0,80.0,APPROVE,1,60.0,,,,,,,,,,85.0,70.0,75.0,REJECT,3,65.0,50.0,70.0,,,,,,,,85.0,70.0,80.0,APPROVE,1,70.0,,,,,,,,,,85.0,70.0,85.0,APPROVE,1,70.0,,,,,,,,,,80.0,70.0,85.0,APPROVE,1,70.0,,,,,,,,,,85.0,85.0,85.0,REJECT,7,65.0,70.0,75.0,80.0,85.0,80.0,85.0,,,,85.0,50.0,80.0,APPROVE,1,50.0,,,,,,,,,,85.0,30.0,70.0,REJECT,9,70.0,65.0,60.0,55.0,50.0,45.0,40.0,35.0,30.0,,85.0,75.0,85.0,APPROVE,1,75.0,,,,,,,,,
C5978,gpt-4o-mini,85,85,90,REJECT,0,,,,,,,,,,,85.0,75.0,85.0,REJECT,1,75.0,,,,,,,,,,85.0,70.0,80.0,REJECT,2,75.0,70.0,,,,,,,,,85.0,60.0,80.0,REJECT,3,75.0,65.0,60.0,,,,,,,,85.0,90.0,90.0,REJECT,4,75.0,80.0,85.0,90.0,,,,,,,85.0,70.0,80.0,REJECT,5,70.0,75.0,80.0,75.0,70.0,,,,,,85.0,70.0,80.0,REJECT,6,75.0,80.0,75.0,70.0,75.0,70.0,,,,,85.0,75.0,85.0,APPROVE,1,75.0,,,,,,,,,,80.0,96.0,90.0,REJECT,8,90.0,95.0,98.0,97.0,95.0,98.0,99.0,96.0,,,85.0,80.0,85.0,APPROVE,1,80.0,,,,,,,,,,85.0,25.0,65.0,REJECT,10,70.0,65.0,60.0,55.0,50.0,45.0,40.0,35.0,30.0,25.0
C6,gpt-4o-mini,55,55,80,REJECT,0,,,,,,,,,,,60.0,70.0,85.0,APPROVE,0,70.0,,,,,,,,,,60.0,80.0,70.0,REJECT,0,70.0,80.0,,,,,,,,,50.0,80.0,70.0,APPROVE,0,70.0,80.0,,,,,,,,,35.0,55.0,85.0,APPROVE,0,55.0,,,,,,,,,,60.0,70.0,85.0,APPROVE,0,70.0,,,,,,,,,,31.0,55.0,85.0,APPROVE,0,55.0,,,,,,,,,,40.0,30.0,80.0,APPROVE,0,30.0,,,,,,,,,,55.0,70.0,90.0,APPROVE,0,70.0,,,,,,,,,,50.0,70.0,80.0,APPROVE,1,70.0,70.0,60.0,70.0,60.0,70.0,60.0,70.0,60.0,,55.0,70.0,75.0,APPROVE,0,70.0,,,,,,,,,
C6018,gpt-4o-mini,85,85,90,REJECT,0,,,,,,,,,,,75.0,85.0,90.0,APPROVE,1,85.0,,,,,,,,,,68.0,75.0,90.0,APPROVE,1,75.0,,,,,,,,,,85.0,65.0,75.0,REJECT,3,75.0,70.0,65.0,,,,,,,,70.0,65.0,70.0,REJECT,4,55.0,65.0,70.0,65.0,,,,,,,75.0,65.0,80.0,APPROVE,1,65.0,,,,,,,,,,75.0,70.0,80.0,REJECT,6,65.0,70.0,65.0,70.0,70.0,70.0,,,,,75.0,60.0,75.0,REJECT,7,60.0,50.0,65.0,70.0,65.0,70.0,60.0,,,,72.0,95.0,90.0,REJECT,8,82.0,88.0,90.0,92.0,95.0,90.0,92.0,95.0,,,75.0,70.0,80.0,APPROVE,1,70.0,,,,,,,,,,75.0,95.0,95.0,APPROVE,5,85.0,90.0,95.0,100.0,95.0,,,,,
C6081,gpt-4o-mini,85,85,90,REJECT,0,,,,,,,,,,,85.0,75.0,85.0,REJECT,1,75.0,,,,,,,,,,85.0,85.0,90.0,APPROVE,2,70.0,85.0,,,,,,,,,90.0,75.0,90.0,REJECT,3,85.0,80.0,75.0,,,,,,,,85.0,60.0,75.0,REJECT,4,75.0,70.0,65.0,60.0,,,,,,,85.0,82.0,85.0,APPROVE,1,82.0,,,,,,,,,,85.0,70.0,85.0,APPROVE,1,70.0,,,,,,,,,,85.0,95.0,90.0,REJECT,7,95.0,90.0,95.0,90.0,95.0,90.0,95.0,,,,85.0,40.0,70.0,REJECT,8,75.0,70.0,65.0,60.0,55.0,50.0,45.0,40.0,,,85.0,80.0,85.0,APPROVE,1,80.0,,,,,,,,,,85.0,55.0,70.0,REJECT,10,75.0,70.0,65.0,60.0,55.0,50.0,70.0,65.0,60.0,55.0
C6150,gpt-4o-mini,65,65,85,REJECT,0,,,,,,,,,,,68.0,75.0,85.0,APPROVE,0,75.0,,,,,,,,,,70.0,80.0,90.0,APPROVE,0,80.0,,,,,,,,,,63.0,75.0,85.0,APPROVE,0,75.0,,,,,,,,,,68.0,75.0,85.0,APPROVE,0,75.0,,,,,,,,,,65.0,75.0,80.0,REJECT,0,75.0,80.0,75.0,80.0,75.0,,,,,,61.0,70.0,75.0,APPROVE,0,70.0,,,,,,,,,,67.0,75.0,90.0,APPROVE,0,75.0,,,,,,,,,,61.0,90.0,90.0,REJECT,0,75.0,80.0,85.0,90.0,95.0,90.0,95.0,90.0,,,70.0,85.0,90.0,APPROVE,0,85.0,,,,,,,,,,65.0,50.0,70.0,REJECT,0,75.0,70.0,65.0,60.0,55.0,50.0,55.0,50.0,45.0,50.0
C6151,gpt-4o-mini,60,60,85,REJECT,0,,,,,,,,,,,40.0,70.0,80.0,REJECT,0,70.0,,,,,,,,,,51.0,75.0,80.0,APPROVE,0,75.0,,,,,,,,,,31.0,90.0,90.0,REJECT,0,70.0,85.0,90.0,,,,,,,,45.0,55.0,80.0,APPROVE,0,55.0,,,,,,,,,,41.0,50.0,85.0,APPROVE,0,50.0,,,,,,,,,,50.0,50.0,80.0,Reject,0,,,,,,,,,,,31.0,50.0,75.0,APPROVE,1,50.0,70.0,65.0,70.0,65.0,70.0,65.0,,,,31.0,31.0,85.0,APPROVE,0,,,,,,,,,,,51.0,70.0,85.0,APPROVE,0,70.0,,,,,,,,,,50.0,85.0,85.0,REJECT,0,70.0,80.0,90.0,85.0,90.0,85.0,90.0,85.0,90.0,85.0
C6200,gpt-4o-mini,58,58,80,REJECT,0,,,,,,,,,,,60.0,70.0,75.0,REJECT,0,70.0,,,,,,,,,,31.0,70.0,75.0,REJECT,0,65.0,70.0,,,,,,,,,54.0,65.0,80.0,APPROVE,0,65.0,80.0,,,,,,,,,31.0,50.0,85.0,APPROVE,0,50.0,,,,,,,,,,50.0,70.0,75.0,APPROVE,0,70.0,70.0,80.0,70.0,80.0,,,,,,50.0,65.0,80.0,REJECT,0,65.0,70.0,60.0,65.0,70.0,65.0,,,,,40.0,60.0,80.0,APPROVE,0,60.0,70.0,75.0,80.0,85.0,90.0,85.0,,,,31.0,50.0,75.0,APPROVE,0,50.0,60.0,55.0,60.0,65.0,60.0,65.0,60.0,,,40.0,60.0,80.0,APPROVE,0,60.0,,,,,,,,,,31.0,45.0,75.0,APPROVE,0,45.0,50.0,55.0,60.0,65.0,70.0,75.0,80.0,75.0,70.0
C6250,gpt-4o-mini,60,60,85,REJECT,0,,,,,,,,,,,61.0,75.0,85.0,APPROVE,1,75.0,,,,,,,,,,61.0,71.0,85.0,APPROVE,1,71.0,,,,,,,,,,70.0,65.0,80.0,APPROVE,1,65.0,,,,,,,,,,60.0,70.0,85.0,APPROVE,1,70.0,,,,,,,,,,68.0,75.0,90.0,APPROVE,1,75.0,,,,,,,,,,72.0,68.0,90.0,APPROVE,1,68.0,,,,,,,,,,67.0,75.0,80.0,APPROVE,1,75.0,,,,,,,,,,57.0,75.0,85.0,APPROVE,1,75.0,,,,,,,,,,55.0,85.0,90.0,APPROVE,3,75.0,80.0,85.0,,,,,,,,70.0,60.0,85.0,APPROVE,1,60.0,,,,,,,,,
C6283,gpt-4o-mini,85,85,90,REJECT,0,,,,,,,,,,,85.0,100.0,95.0,REJECT,1,100.0,,,,,,,,,,85.0,95.0,90.0,APPROVE,1,95.0,,,,,,,,,,85.0,80.0,85.0,REJECT,3,70.0,75.0,80.0,,,,,,,,85.0,60.0,70.0,REJECT,4,75.0,70.0,65.0,60.0,,,,,,,85.0,55.0,70.0,REJECT,5,75.0,70.0,65.0,60.0,55.0,,,,,,85.0,50.0,75.0,REJECT,6,75.0,70.0,65.0,60.0,55.0,50.0,,,,,85.0,45.0,70.0,REJECT,7,75.0,70.0,65.0,60.0,55.0,50.0,45.0,,,,95.0,90.0,90.0,REJECT,8,80.0,90.0,85.0,90.0,85.0,90.0,85.0,90.0,,,85.0,95.0,90.0,APPROVE,1,95.0,,,,,,,,,,85.0,80.0,85.0,APPROVE,1,80.0,,,,,,,,,
C6295,gpt-4o-mini,70,70,85,REJECT,0,,,,,,,,,,,70.0,60.0,80.0,REJECT,1,60.0,,,,,,,,,,75.0,65.0,75.0,REJECT,2,60.0,65.0,,,,,,,,,75.0,60.0,80.0,APPROVE,1,60.0,,,,,,,,,,75.0,70.0,75.0,REJECT,4,65.0,70.0,65.0,70.0,,,,,,,,,,ERROR,0,,,,,,,,,,,,,,ERROR,0,,,,,,,,,,,,,,ERROR,0,,,,,,,,,,,,,,ERROR,0,,,,,,,,,,,71.0,70.0,80.0,REJECT,9,55.0,65.0,70.0,65.0,70.0,65.0,70.0,65.0,70.0,,75.0,50.0,80.0,APPROVE,1,50.0,,,,,,,,,
C630,gpt-4o-mini,31,31,85,REJECT,0,,,,,,,,,,,35.0,70.0,70.0,REJECT,1,70.0,,,,,,,,,,30.0,70.0,75.0,REJECT,2,50.0,70.0,,,,,,,,,31.0,70.0,70.0,REJECT,3,50.0,65.0,70.0,,,,,,,,31.0,50.0,90.0,APPROVE,1,50.0,,,,,,,,,,31.0,25.0,90.0,APPROVE,1,25.0,,,,,,,,,,31.0,20.0,85.0,APPROVE,1,20.0,,,,,,,,,,31.0,31.0,80.0,APPROVE,0,,,,,,,,,,,31.0,31.0,85.0,APPROVE,0,,,,,,,,,,,31.0,31.0,85.0,APPROVE,0,,,,,,,,,,,31.0,50.0,80.0,APPROVE,1,50.0,,,,,,,,,
C6420,gpt-4o-mini,65,65,80,REJECT,0,,,,,,,,,,,65.0,50.0,75.0,REJECT,1,50.0,,,,,,,,,,62.0,45.0,90.0,REJECT,2,50.0,45.0,,,,,,,,,65.0,30.0,70.0,REJECT,3,50.0,40.0,30.0,,,,,,,,85.0,55.0,80.0,REJECT,4,55.0,60.0,70.0,55.0,,,,,,,70.0,35.0,70.0,REJECT,5,55.0,50.0,45.0,40.0,35.0,,,,,,65.0,70.0,80.0,REJECT,6,75.0,80.0,75.0,70.0,75.0,70.0,,,,,70.0,40.0,80.0,APPROVE,1,40.0,,,,,,,,,,65.0,25.0,65.0,REJECT,8,55.0,50.0,45.0,40.0,40.0,30.0,25.0,25.0,,,65.0,75.0,90.0,APPROVE,1,75.0,,,,,,,,,,60.0,5.0,75.0,REJECT,10,40.0,30.0,20.0,20.0,15.0,10.0,5.0,10.0,5.0,5.0
C6470,gpt-4o-mini,45,45,85,REJECT,0,,,,,,,,,,,31.0,51.0,80.0,APPROVE,1,51.0,,,,,,,,,,30.0,70.0,70.0,APPROVE,2,45.0,70.0,,,,,,,,,50.0,90.0,80.0,REJECT,3,70.0,85.0,90.0,,,,,,,,35.0,50.0,85.0,APPROVE,1,50.0,,,,,,,,,,41.0,55.0,85.0,APPROVE,1,55.0,70.0,60.0,70.0,65.0,,,,,,35.0,60.0,85.0,APPROVE,1,60.0,,,,,,,,,,33.0,33.0,80.0,APPROVE,0,,,,,,,,,,,50.0,70.0,85.0,APPROVE,1,70.0,70.0,75.0,80.0,85.0,80.0,85.0,90.0,,,40.0,70.0,80.0,APPROVE,0,70.0,,,,,,,,,,50.0,65.0,85.0,APPROVE,0,65.0,,,,,,,,,
C6502,gpt-4o-mini,10,10,90,APPROVE,0,,,,,,,,,,,20.0,20.0,85.0,APPROVE,0,,,,,,,,,,,22.0,30.0,90.0,REJECT,2,35.0,30.0,,,,,,,,,20.0,20.0,90.0,APPROVE,0,40.0,,,,,,,,,,25.0,70.0,70.0,REJECT,4,35.0,50.0,60.0,70.0,,,,,,,25.0,25.0,85.0,APPROVE,0,,,,,,,,,,,25.0,25.0,85.0,APPROVE,0,,,,,,,,,,,20.0,20.0,90.0,APPROVE,0,,,,,,,,,,,25.0,25.0,85.0,APPROVE,0,,,,,,,,,,,25.0,25.0,85.0,APPROVE,0,,,,,,,,,,,25.0,25.0,90.0,APPROVE,0,30.0,,,,,,,,,
C6573,gpt-4o-mini,20,20,85,APPROVE,0,,,,,,,,,,,20.0,20.0,85.0,APPROVE,0,,,,,,,,,,,20.0,20.0,85.0,APPROVE,0,,,,,,,,,,,20.0,20.0,85.0,APPROVE,0,,,,,,,,,,,20.0,20.0,85.0,APPROVE,0,,,,,,,,,,,20.0,20.0,85.0,APPROVE,0,,,,,,,,,,,20.0,20.0,80.0,APPROVE,0,,,,,,,,,,,20.0,20.0,85.0,APPROVE,0,,,,,,,,,,,20.0,20.0,85.0,APPROVE,0,,,,,,,,,,,20.0,20.0,90.0,APPROVE,0,,,,,,,,,,,20.0,20.0,85.0,APPROVE,0,,,,,,,,,,
C659,gpt-4o-mini,45,45,80,REJECT,0,,,,,,,,,,,39.0,39.0,80.0,APPROVE,0,50.0,,,,,,,,,,31.0,50.0,80.0,APPROVE,1,50.0,70.0,,,,,,,,,45.0,45.0,85.0,APPROVE,0,,,,,,,,,,,31.0,47.0,80.0,APPROVE,1,47.0,,,,,,,,,,35.0,65.0,70.0,REJECT,5,45.0,50.0,55.0,60.0,65.0,,,,,,30.0,30.0,85.0,APPROVE,0,65.0,,,,,,,,,,40.0,55.0,75.0,APPROVE,1,55.0,,,,,,,,,,35.0,35.0,80.0,APPROVE,0,,,,,,,,,,,39.0,45.0,85.0,APPROVE,1,45.0,,,,,,,,,,31.0,45.0,80.0,APPROVE,1,45.0,,,,,,,,,
C6882,gpt-4o-mini,50,50,85,REJECT,0,,,,,,,,,,,42.0,42.0,85.0,APPROVE,0,70.0,,,,,,,,,,45.0,30.0,90.0,APPROVE,0,30.0,,,,,,,,,,45.0,70.0,80.0,APPROVE,0,70.0,,,,,,,,,,45.0,95.0,70.0,REJECT,0,70.0,85.0,90.0,95.0,,,,,,,45.0,85.0,80.0,REJECT,0,65.0,70.0,75.0,80.0,85.0,,,,,,50.0,85.0,75.0,REJECT,0,70.0,80.0,90.0,85.0,90.0,85.0,,,,,40.0,70.0,80.0,APPROVE,0,70.0,,,,,,,,,,43.0,65.0,90.0,APPROVE,0,65.0,,,,,,,,,,55.0,70.0,80.0,APPROVE,0,70.0,,,,,,,,,,40.0,60.0,90.0,APPROVE,0,60.0,,,,,,,,,
C6918,gpt-4o-mini,31,31,85,REJECT,0,,,,,,,,,,,40.0,40.0,75.0,APPROVE,0,,,,,,,,,,,50.0,45.0,85.0,APPROVE,0,45.0,,,,,,,,,,30.0,50.0,80.0,APPROVE,0,50.0,,,,,,,,,,31.0,31.0,85.0,APPROVE,0,,,,,,,,,,,31.0,60.0,85.0,APPROVE,0,60.0,,,,,,,,,,31.0,60.0,75.0,APPROVE,0,60.0,,,,,,,,,,31.0,31.0,85.0,APPROVE,0,60.0,,,,,,,,,,31.0,31.0,85.0,APPROVE,0,,,,,,,,,,,45.0,45.0,80.0,APPROVE,0,40.0,,,,,,,,,,31.0,31.0,80.0,APPROVE,0,,,,,,,,,,
C6925,gpt-4o-mini,41,41,80,REJECT,0,,,,,,,,,,,31.0,45.0,80.0,REJECT,0,45.0,,,,,,,,,,55.0,70.0,70.0,REJECT,0,65.0,70.0,,,,,,,,,42.0,65.0,75.0,REJECT,0,65.0,70.0,65.0,,,,,,,,52.0,50.0,75.0,REJECT,0,65.0,60.0,55.0,50.0,,,,,,,50.0,30.0,85.0,APPROVE,0,30.0,,,,,,,,,,45.0,65.0,85.0,APPROVE,0,65.0,,,,,,,,,,40.0,60.0,85.0,APPROVE,0,60.0,,,,,,,,,,52.0,70.0,75.0,REJECT,0,65.0,70.0,75.0,70.0,75.0,70.0,75.0,70.0,,,55.0,70.0,85.0,APPROVE,0,70.0,,,,,,,,,,50.0,50.0,75.0,APPROVE,0,,,,,,,,,,
C7009,gpt-4o-mini,85,85,90,REJECT,0,,,,,,,,,,,85.0,90.0,90.0,APPROVE,1,90.0,,,,,,,,,,85.0,70.0,80.0,REJECT,2,75.0,70.0,,,,,,,,,85.0,65.0,75.0,REJECT,3,75.0,70.0,65.0,,,,,,,,85.0,60.0,70.0,REJECT,4,75.0,70.0,65.0,60.0,,,,,,,85.0,75.0,85.0,APPROVE,1,75.0,,,,,,,,,,85.0,50.0,75.0,REJECT,6,75.0,70.0,65.0,60.0,55.0,50.0,,,,,85.0,45.0,70.0,REJECT,7,75.0,70.0,65.0,60.0,55.0,50.0,45.0,,,,85.0,40.0,70.0,REJECT,8,75.0,70.0,65.0,60.0,55.0,50.0,45.0,40.0,,,85.0,95.0,90.0,APPROVE,1,95.0,,,,,,,,,,85.0,75.0,85.0,APPROVE,1,75.0,,,,,,,,,
C7010,gpt-4o-mini,50,50,85,REJECT,0,,,,,,,,,,,41.0,65.0,80.0,APPROVE,0,65.0,,,,,,,,,,41.0,30.0,90.0,APPROVE,0,30.0,,,,,,,,,,56.0,70.0,90.0,APPROVE,0,70.0,,,,,,,,,,44.0,62.0,80.0,APPROVE,0,62.0,,,,,,,,,,31.0,55.0,85.0,APPROVE,0,55.0,,,,,,,,,,34.0,69.0,80.0,APPROVE,0,69.0,,,,,,,,,,50.0,70.0,80.0,REJECT,0,70.0,60.0,70.0,60.0,70.0,60.0,70.0,,,,31.0,45.0,85.0,APPROVE,0,45.0,,,,,,,,,,42.0,75.0,70.0,REJECT,0,55.0,60.0,65.0,70.0,75.0,80.0,75.0,80.0,75.0,,50.0,90.0,80.0,REJECT,0,65.0,70.0,75.0,80.0,85.0,90.0,85.0,90.0,85.0,90.0
C7048,gpt-4o-mini,31,31,80,REJECT,0,,,,,,,,,,,31.0,50.0,85.0,APPROVE,1,50.0,,,,,,,,,,31.0,60.0,80.0,APPROVE,1,60.0,,,,,,,,,,31.0,31.0,80.0,APPROVE,0,,,,,,,,,,,31.0,40.0,80.0,APPROVE,1,40.0,,,,,,,,,,50.0,70.0,85.0,APPROVE,1,70.0,,,,,,,,,,40.0,70.0,75.0,APPROVE,1,70.0,,,,,,,,,,41.0,35.0,90.0,APPROVE,1,35.0,,,,,,,,,,31.0,50.0,80.0,APPROVE,1,50.0,,,,,,,,,,50.0,70.0,90.0,APPROVE,1,70.0,35.0,30.0,,,,,,,,40.0,50.0,85.0,APPROVE,1,50.0,,,,,,,,,
C7160,gpt-4o-mini,60,60,85,REJECT,0,,,,,,,,,,,69.0,75.0,80.0,APPROVE,0,75.0,,,,,,,,,,50.0,70.0,85.0,APPROVE,0,70.0,,,,,,,,,,70.0,70.0,85.0,APPROVE,0,50.0,70.0,,,,,,,,,55.0,70.0,80.0,APPROVE,0,70.0,,,,,,,,,,66.0,75.0,90.0,APPROVE,0,75.0,,,,,,,,,,69.0,75.0,90.0,APPROVE,0,75.0,,,,,,,,,,55.0,75.0,85.0,APPROVE,0,75.0,,,,,,,,,,50.0,80.0,85.0,REJECT,0,70.0,80.0,70.0,80.0,70.0,80.0,70.0,80.0,,,55.0,70.0,80.0,APPROVE,0,70.0,,,,,,,,,,55.0,70.0,80.0,APPROVE,0,70.0,,,,,,,,,
C7175,gpt-4o-mini,40,40,80,REJECT,0,,,,,,,,,,,31.0,50.0,85.0,REJECT,1,50.0,,,,,,,,,,50.0,70.0,70.0,REJECT,2,60.0,70.0,,,,,,,,,31.0,50.0,70.0,APPROVE,1,50.0,,,,,,,,,,31.0,60.0,70.0,REJECT,4,45.0,55.0,50.0,60.0,,,,,,,40.0,60.0,85.0,APPROVE,1,60.0,,,,,,,,,,45.0,50.0,80.0,APPROVE,1,50.0,,,,,,,,,,31.0,50.0,80.0,APPROVE,1,50.0,,,,,,,,,,31.0,50.0,85.0,APPROVE,1,50.0,,,,,,,,,,40.0,65.0,85.0,APPROVE,1,65.0,,,,,,,,,,45.0,60.0,85.0,APPROVE,1,60.0,,,,,,,,,
C7182,gpt-4o-mini,62,62,80,REJECT,0,,,,,,,,,,,75.0,60.0,80.0,REJECT,1,60.0,,,,,,,,,,75.0,55.0,70.0,REJECT,2,45.0,55.0,,,,,,,,,85.0,75.0,85.0,APPROVE,1,75.0,,,,,,,,,,68.0,75.0,85.0,APPROVE,1,75.0,,,,,,,,,,75.0,30.0,75.0,APPROVE,4,60.0,50.0,40.0,30.0,,,,,,,70.0,55.0,80.0,APPROVE,1,55.0,,,,,,,,,,75.0,20.0,70.0,REJECT,7,60.0,50.0,40.0,35.0,30.0,25.0,20.0,,,,75.0,50.0,80.0,APPROVE,1,50.0,,,,,,,,,,75.0,60.0,80.0,REJECT,9,60.0,70.0,60.0,70.0,60.0,70.0,60.0,70.0,60.0,,69.0,75.0,80.0,REJECT,10,60.0,65.0,70.0,75.0,80.0,75.0,80.0,75.0,70.0,75.0
C7256,gpt-4o-mini,41,41,85,REJECT,0,,,,,,,,,,,45.0,55.0,75.0,APPROVE,0,55.0,,,,,,,,,,31.0,45.0,90.0,APPROVE,0,45.0,,,,,,,,,,31.0,70.0,70.0,REJECT,0,50.0,60.0,70.0,,,,,,,,45.0,65.0,85.0,APPROVE,0,65.0,,,,,,,,,,31.0,60.0,80.0,REJECT,0,60.0,70.0,60.0,70.0,60.0,,,,,,31.0,31.0,80.0,APPROVE,0,55.0,,,,,,,,,,31.0,40.0,85.0,APPROVE,1,40.0,,,,,,,,,,53.0,70.0,85.0,APPROVE,1,70.0,50.0,45.0,40.0,35.0,30.0,25.0,20.0,,,31.0,50.0,75.0,APPROVE,1,50.0,80.0,90.0,80.0,85.0,90.0,80.0,90.0,85.0,,40.0,35.0,85.0,APPROVE,1,35.0,,,,,,,,,
C7265,gpt-4o-mini,56,56,80,REJECT,0,,,,,,,,,,,31.0,45.0,75.0,REJECT,0,45.0,,,,,,,,,,50.0,60.0,85.0,APPROVE,0,60.0,,,,,,,,,,31.0,70.0,75.0,REJECT,0,52.0,66.0,70.0,,,,,,,,31.0,60.0,75.0,REJECT,0,50.0,60.0,70.0,60.0,,,,,,,40.0,90.0,90.0,REJECT,0,70.0,75.0,80.0,85.0,90.0,,,,,,31.0,70.0,85.0,APPROVE,0,70.0,,,,,,,,,,52.0,90.0,85.0,REJECT,0,65.0,75.0,80.0,85.0,90.0,85.0,90.0,,,,55.0,65.0,85.0,APPROVE,0,65.0,,,,,,,,,,31.0,45.0,85.0,APPROVE,0,45.0,,,,,,,,,,31.0,50.0,85.0,APPROVE,0,50.0,,,,,,,,,
C7266,gpt-4o-mini,41,41,85,REJECT,0,,,,,,,,,,,50.0,70.0,75.0,REJECT,1,70.0,,,,,,,,,,55.0,80.0,85.0,REJECT,2,70.0,80.0,,,,,,,,,41.0,61.0,90.0,APPROVE,1,61.0,,,,,,,,,,40.0,70.0,80.0,APPROVE,1,70.0,,,,,,,,,,48.0,65.0,70.0,APPROVE,1,65.0,,,,,,,,,,40.0,40.0,80.0,APPROVE,0,,,,,,,,,,,40.0,40.0,85.0,APPROVE,0,70.0,,,,,,,,,,55.0,75.0,85.0,APPROVE,0,75.0,,,,,,,,,,45.0,60.0,80.0,APPROVE,0,60.0,,,,,,,,,,45.0,45.0,80.0,APPROVE,0,,,,,,,,,,
C7427,gpt-4o-mini,45,45,80,REJECT,0,,,,,,,,,,,55.0,70.0,90.0,APPROVE,0,70.0,,,,,,,,,,54.0,78.0,90.0,REJECT,0,72.0,78.0,,,,,,,,,60.0,80.0,85.0,APPROVE,0,70.0,75.0,80.0,,,,,,,,60.0,70.0,90.0,APPROVE,1,70.0,75.0,80.0,85.0,,,,,,,61.0,70.0,80.0,APPROVE,0,70.0,,,,,,,,,,54.0,70.0,85.0,APPROVE,0,70.0,,,,,,,,,,67.0,90.0,80.0,REJECT,0,70.0,75.0,80.0,85.0,90.0,85.0,90.0,,,,55.0,85.0,75.0,REJECT,0,70.0,75.0,80.0,85.0,90.0,85.0,90.0,85.0,,,58.0,90.0,90.0,REJECT,0,75.0,85.0,92.0,88.0,90.0,95.0,90.0,95.0,90.0,,65.0,75.0,85.0,APPROVE,0,75.0,,,,,,,,,
C7494,gpt-4o-mini,20,20,85,APPROVE,0,,,,,,,,,,,20.0,20.0,85.0,APPROVE,0,,,,,,,,,,,25.0,40.0,80.0,APPROVE,1,40.0,45.0,,,,,,,,,20.0,20.0,85.0,APPROVE,0,,,,,,,,,,,20.0,20.0,85.0,APPROVE,0,30.0,,,,,,,,,,25.0,40.0,80.0,APPROVE,1,40.0,30.0,,,,,,,,,15.0,15.0,85.0,APPROVE,0,,,,,,,,,,,25.0,30.0,85.0,APPROVE,2,35.0,30.0,,,,,,,,,20.0,20.0,85.0,APPROVE,0,20.0,,,,,,,,,,15.0,15.0,85.0,APPROVE,0,,,,,,,,,,,20.0,20.0,90.0,APPROVE,0,,,,,,,,,,
C7518,gpt-4o-mini,85,85,90,REJECT,0,,,,,,,,,,,95.0,85.0,80.0,APPROVE,1,85.0,,,,,,,,,,85.0,95.0,90.0,APPROVE,1,95.0,,,,,,,,,,85.0,75.0,85.0,REJECT,3,75.0,80.0,75.0,,,,,,,,85.0,95.0,85.0,REJECT,4,95.0,90.0,90.0,95.0,,,,,,,85.0,95.0,90.0,REJECT,5,95.0,95.0,95.0,95.0,95.0,,,,,,85.0,90.0,90.0,APPROVE,1,90.0,,,,,,,,,,95.0,75.0,85.0,APPROVE,1,75.0,,,,,,,,,,85.0,65.0,75.0,REJECT,8,70.0,65.0,70.0,65.0,70.0,65.0,70.0,65.0,,,89.0,30.0,70.0,REJECT,9,75.0,65.0,60.0,55.0,50.0,45.0,40.0,35.0,30.0,,90.0,25.0,70.0,REJECT,10,75.0,70.0,65.0,60.0,55.0,50.0,45.0,40.0,30.0,25.0
C7524,gpt-4o-mini,85,85,90,REJECT,0,,,,,,,,,,,80.0,70.0,85.0,APPROVE,1,70.0,,,,,,,,,,85.0,80.0,85.0,REJECT,2,70.0,80.0,,,,,,,,,85.0,80.0,85.0,REJECT,3,75.0,70.0,80.0,,,,,,,,85.0,80.0,80.0,REJECT,4,75.0,70.0,85.0,80.0,,,,,,,,,,ERROR,0,,,,,,,,,,,85.0,80.0,85.0,REJECT,6,70.0,80.0,85.0,80.0,85.0,80.0,,,,,85.0,40.0,70.0,REJECT,7,70.0,65.0,60.0,55.0,50.0,45.0,40.0,,,,,,,ERROR,0,,,,,,,,,,,85.0,80.0,85.0,APPROVE,2,75.0,80.0,,,,,,,,,,,,ERROR,0,,,,,,,,,,
C7717,gpt-4o-mini,57,57,80,REJECT,0,,,,,,,,,,,54.0,70.0,80.0,REJECT,0,70.0,,,,,,,,,,57.0,70.0,80.0,APPROVE,0,70.0,,,,,,,,,,67.0,75.0,80.0,APPROVE,0,75.0,,,,,,,,,,61.0,90.0,85.0,REJECT,0,75.0,80.0,85.0,90.0,,,,,,,50.0,50.0,75.0,REJECT,0,70.0,50.0,50.0,50.0,50.0,,,,,,62.0,65.0,75.0,REJECT,0,75.0,70.0,68.0,70.0,68.0,65.0,,,,,55.0,90.0,90.0,REJECT,0,70.0,75.0,80.0,85.0,90.0,85.0,90.0,,,,55.0,90.0,80.0,REJECT,0,70.0,75.0,80.0,85.0,90.0,90.0,90.0,90.0,,,50.0,50.0,85.0,APPROVE,0,70.0,80.0,80.0,75.0,80.0,75.0,80.0,75.0,80.0,,65.0,70.0,85.0,APPROVE,0,70.0,,,,,,,,,
C7815,gpt-4o-mini,15,15,85,REJECT,0,,,,,,,,,,,25.0,25.0,85.0,APPROVE,0,,,,,,,,,,,20.0,20.0,85.0,APPROVE,0,,,,,,,,,,,15.0,15.0,85.0,APPROVE,0,40.0,,,,,,,,,,15.0,15.0,85.0,APPROVE,0,25.0,,,,,,,,,,20.0,20.0,85.0,APPROVE,0,,,,,,,,,,,20.0,30.0,85.0,APPROVE,1,30.0,,,,,,,,,,20.0,20.0,80.0,APPROVE,4,30.0,40.0,40.0,20.0,,,,,,,20.0,20.0,85.0,APPROVE,0,30.0,,,,,,,,,,20.0,20.0,85.0,APPROVE,0,,,,,,,,,,,25.0,25.0,85.0,APPROVE,0,,,,,,,,,,
C7824,gpt-4o-mini,55,55,80,REJECT,0,,,,,,,,,,,60.0,70.0,80.0,APPROVE,0,70.0,,,,,,,,,,50.0,70.0,75.0,APPROVE,0,70.0,,,,,,,,,,60.0,85.0,85.0,REJECT,0,75.0,80.0,85.0,,,,,,,,31.0,95.0,90.0,REJECT,0,70.0,85.0,90.0,95.0,,,,,,,45.0,40.0,75.0,REJECT,0,60.0,55.0,50.0,45.0,40.0,,,,,,52.0,70.0,75.0,APPROVE,0,70.0,,,,,,,,,,69.0,85.0,75.0,REJECT,0,75.0,80.0,85.0,90.0,85.0,90.0,85.0,,,,50.0,70.0,80.0,APPROVE,0,70.0,,,,,,,,,,69.0,60.0,85.0,APPROVE,0,60.0,,,,,,,,,,52.0,85.0,80.0,REJECT,0,70.0,75.0,80.0,85.0,90.0,85.0,90.0,85.0,90.0,85.0
C7900,gpt-4o-mini,85,85,90,REJECT,0,,,,,,,,,,,85.0,75.0,85.0,REJECT,1,75.0,,,,,,,,,,90.0,60.0,75.0,REJECT,2,70.0,60.0,,,,,,,,,85.0,70.0,85.0,APPROVE,1,70.0,,,,,,,,,,85.0,60.0,70.0,REJECT,4,75.0,70.0,65.0,60.0,,,,,,,85.0,95.0,90.0,REJECT,5,75.0,80.0,85.0,90.0,95.0,,,,,,85.0,70.0,80.0,APPROVE,1,70.0,,,,,,,,,,85.0,45.0,70.0,REJECT,7,75.0,70.0,65.0,60.0,55.0,50.0,45.0,,,,89.0,45.0,70.0,REJECT,8,75.0,65.0,70.0,65.0,60.0,55.0,50.0,45.0,,,85.0,30.0,70.0,REJECT,9,70.0,65.0,60.0,55.0,50.0,45.0,40.0,35.0,30.0,,85.0,90.0,85.0,REJECT,10,75.0,80.0,85.0,90.0,85.0,90.0,85.0,90.0,85.0,90.0
C7944,gpt-4o-mini,72,72,85,REJECT,0,,,,,,,,,,,70.0,75.0,80.0,REJECT,0,75.0,,,,,,,,,,70.0,60.0,70.0,REJECT,0,65.0,60.0,,,,,,,,,76.0,90.0,80.0,REJECT,0,82.0,89.0,90.0,,,,,,,,70.0,60.0,80.0,APPROVE,0,60.0,,,,,,,,,,70.0,40.0,65.0,REJECT,0,60.0,55.0,50.0,45.0,40.0,,,,,,70.0,60.0,75.0,APPROVE,0,60.0,,,,,,,,,,80.0,70.0,75.0,REJECT,0,70.0,65.0,70.0,65.0,70.0,65.0,70.0,,,,65.0,75.0,85.0,APPROVE,0,75.0,,,,,,,,,,70.0,55.0,80.0,APPROVE,0,55.0,,,,,,,,,,65.0,85.0,90.0,REJECT,0,75.0,80.0,85.0,90.0,90.0,85.0,90.0,85.0,90.0,85.0
C8050,gpt-4o-mini,65,65,85,REJECT,0,,,,,,,,,,,68.0,75.0,90.0,REJECT,1,75.0,,,,,,,,,,65.0,70.0,75.0,REJECT,2,75.0,70.0,,,,,,,,,65.0,50.0,70.0,APPROVE,1,50.0,,,,,,,,,,65.0,85.0,95.0,REJECT,4,70.0,75.0,80.0,85.0,,,,,,,75.0,60.0,75.0,REJECT,5,70.0,60.0,60.0,60.0,60.0,,,,,,65.0,70.0,80.0,APPROVE,1,70.0,,,,,,,,,,65.0,50.0,85.0,APPROVE,1,50.0,,,,,,,,,,70.0,60.0,80.0,APPROVE,1,60.0,,,,,,,,,,65.0,75.0,90.0,APPROVE,1,75.0,,,,,,,,,,70.0,55.0,80.0,REJECT,10,50.0,60.0,55.0,65.0,60.0,55.0,60.0,55.0,60.0,55.0
C8079,gpt-4o-mini,35,35,80,REJECT,0,,,,,,,,,,,60.0,40.0,80.0,REJECT,1,40.0,,,,,,,,,,55.0,80.0,90.0,REJECT,2,75.0,80.0,,,,,,,,,50.0,90.0,90.0,REJECT,3,70.0,80.0,90.0,,,,,,,,65.0,85.0,70.0,APPROVE,3,70.0,80.0,85.0,,,,,,,,55.0,40.0,80.0,APPROVE,1,40.0,,,,,,,,,,65.0,55.0,85.0,APPROVE,1,55.0,,,,,,,,,,45.0,35.0,80.0,REJECT,7,35.0,30.0,35.0,30.0,35.0,30.0,35.0,,,,65.0,40.0,80.0,APPROVE,1,40.0,,,,,,,,,,65.0,65.0,70.0,REJECT,9,45.0,65.0,45.0,65.0,65.0,65.0,65.0,45.0,65.0,,55.0,80.0,75.0,REJECT,10,45.0,50.0,55.0,60.0,65.0,70.0,75.0,70.0,75.0,80.0
C809,gpt-4o-mini,31,31,80,REJECT,0,,,,,,,,,,,31.0,50.0,80.0,APPROVE,1,50.0,,,,,,,,,,31.0,50.0,80.0,APPROVE,1,50.0,,,,,,,,,,31.0,50.0,75.0,APPROVE,1,50.0,60.0,70.0,,,,,,,,45.0,70.0,80.0,APPROVE,1,70.0,,,,,,,,,,31.0,31.0,80.0,APPROVE,0,45.0,,,,,,,,,,35.0,60.0,80.0,APPROVE,1,60.0,60.0,70.0,80.0,,,,,,,49.0,70.0,85.0,APPROVE,1,70.0,70.0,60.0,,,,,,,,35.0,55.0,85.0,APPROVE,3,45.0,50.0,55.0,,,,,,,,50.0,70.0,80.0,APPROVE,1,70.0,40.0,30.0,,,,,,,,31.0,70.0,85.0,APPROVE,1,70.0,,,,,,,,,
C81,gpt-4o-mini,75,75,90,REJECT,0,,,,,,,,,,,85.0,70.0,75.0,REJECT,1,70.0,,,,,,,,,,75.0,90.0,90.0,REJECT,2,85.0,90.0,,,,,,,,,75.0,80.0,70.0,REJECT,3,60.0,70.0,80.0,,,,,,,,85.0,60.0,85.0,APPROVE,1,60.0,,,,,,,,,,85.0,75.0,85.0,APPROVE,1,75.0,,,,,,,,,,85.0,80.0,85.0,REJECT,6,70.0,60.0,70.0,80.0,70.0,80.0,,,,,75.0,65.0,80.0,APPROVE,1,65.0,,,,,,,,,,,,,ERROR,0,,,,,,,,,,,75.0,60.0,80.0,APPROVE,1,60.0,,,,,,,,,,,,,ERROR,0,,,,,,,,,,
C8122,gpt-4o-mini,30,30,80,APPROVE,0,,,,,,,,,,,30.0,30.0,85.0,APPROVE,0,,,,,,,,,,,20.0,20.0,90.0,APPROVE,0,,,,,,,,,,,25.0,25.0,85.0,APPROVE,0,25.0,,,,,,,,,,30.0,50.0,80.0,APPROVE,1,50.0,,,,,,,,,,20.0,20.0,85.0,APPROVE,0,,,,,,,,,,,30.0,40.0,80.0,APPROVE,1,40.0,,,,,,,,,,30.0,30.0,85.0,APPROVE,0,,,,,,,,,,,20.0,20.0,80.0,APPROVE,0,,,,,,,,,,,25.0,25.0,80.0,APPROVE,0,,,,,,,,,,,25.0,25.0,85.0,APPROVE,0,,,,,,,,,,
C8227,gpt-4o-mini,65,65,80,REJECT,0,,,,,,,,,,,50.0,70.0,90.0,APPROVE,1,70.0,,,,,,,,,,65.0,80.0,75.0,REJECT,0,75.0,80.0,,,,,,,,,62.0,85.0,90.0,REJECT,0,75.0,80.0,85.0,,,,,,,,70.0,80.0,90.0,APPROVE,1,80.0,,,,,,,,,,66.0,90.0,90.0,REJECT,0,80.0,85.0,90.0,95.0,90.0,,,,,,62.0,70.0,85.0,APPROVE,0,70.0,,,,,,,,,,65.0,75.0,80.0,APPROVE,0,75.0,,,,,,,,,,62.0,62.0,85.0,APPROVE,0,,,,,,,,,,,55.0,75.0,85.0,APPROVE,0,75.0,,,,,,,,,,62.0,90.0,90.0,REJECT,0,75.0,80.0,85.0,90.0,85.0,90.0,85.0,90.0,85.0,90.0
C8266,gpt-4o-mini,31,31,75,REJECT,0,,,,,,,,,,,35.0,40.0,85.0,APPROVE,0,40.0,,,,,,,,,,40.0,30.0,85.0,APPROVE,1,30.0,31.0,,,,,,,,,31.0,40.0,80.0,APPROVE,0,40.0,50.0,55.0,,,,,,,,31.0,60.0,80.0,REJECT,0,50.0,60.0,70.0,60.0,,,,,,,42.0,55.0,80.0,APPROVE,0,55.0,70.0,75.0,80.0,75.0,,,,,,41.0,70.0,85.0,APPROVE,0,55.0,70.0,,,,,,,,,54.0,70.0,85.0,APPROVE,0,70.0,,,,,,,,,,49.0,65.0,85.0,APPROVE,0,65.0,,,,,,,,,,31.0,70.0,75.0,APPROVE,0,70.0,50.0,55.0,50.0,45.0,50.0,45.0,40.0,35.0,,39.0,90.0,80.0,REJECT,0,45.0,50.0,55.0,60.0,65.0,70.0,75.0,80.0,85.0,90.0
C8391,gpt-4o-mini,52,52,80,REJECT,0,,,,,,,,,,,52.0,60.0,85.0,APPROVE,1,60.0,,,,,,,,,,50.0,65.0,80.0,APPROVE,1,65.0,,,,,,,,,,45.0,60.0,75.0,REJECT,3,60.0,55.0,60.0,,,,,,,,65.0,70.0,75.0,REJECT,4,70.0,75.0,80.0,70.0,,,,,,,55.0,70.0,85.0,APPROVE,1,70.0,80.0,85.0,90.0,85.0,,,,,,51.0,65.0,80.0,APPROVE,1,65.0,,,,,,,,,,50.0,50.0,80.0,APPROVE,0,75.0,,,,,,,,,,62.0,75.0,85.0,APPROVE,1,75.0,,,,,,,,,,45.0,55.0,80.0,APPROVE,1,55.0,,,,,,,,,,55.0,70.0,85.0,APPROVE,0,70.0,,,,,,,,,
C8396,gpt-4o-mini,85,85,90,REJECT,0,,,,,,,,,,,85.0,92.0,90.0,REJECT,1,92.0,,,,,,,,,,90.0,80.0,75.0,REJECT,2,85.0,80.0,,,,,,,,,85.0,70.0,85.0,APPROVE,1,70.0,,,,,,,,,,85.0,85.0,85.0,REJECT,4,90.0,85.0,90.0,85.0,,,,,,,90.0,65.0,70.0,REJECT,5,85.0,80.0,75.0,70.0,65.0,,,,,,95.0,90.0,85.0,REJECT,6,85.0,90.0,95.0,90.0,95.0,90.0,,,,,85.0,85.0,90.0,REJECT,7,75.0,80.0,85.0,90.0,85.0,90.0,85.0,,,,85.0,90.0,85.0,APPROVE,1,90.0,,,,,,,,,,90.0,45.0,60.0,REJECT,9,85.0,80.0,75.0,70.0,65.0,60.0,55.0,50.0,45.0,,90.0,40.0,70.0,REJECT,10,85.0,80.0,75.0,70.0,65.0,60.0,55.0,50.0,45.0,40.0
C85,gpt-4o-mini,72,72,85,REJECT,0,,,,,,,,,,,75.0,60.0,80.0,REJECT,1,60.0,,,,,,,,,,70.0,40.0,75.0,REJECT,2,50.0,40.0,,,,,,,,,75.0,30.0,80.0,REJECT,3,50.0,40.0,30.0,,,,,,,,75.0,35.0,70.0,REJECT,4,55.0,50.0,45.0,35.0,,,,,,,65.0,25.0,80.0,REJECT,5,45.0,30.0,25.0,20.0,25.0,,,,,,70.0,55.0,85.0,APPROVE,0,55.0,,,,,,,,,,65.0,45.0,85.0,APPROVE,0,45.0,,,,,,,,,,,,,ERROR,0,,,,,,,,,,,,,,ERROR,0,,,,,,,,,,,75.0,50.0,80.0,APPROVE,0,50.0,,,,,,,,,
C8521,gpt-4o-mini,31,31,75,REJECT,0,,,,,,,,,,,40.0,70.0,80.0,APPROVE,1,70.0,,,,,,,,,,31.0,55.0,75.0,APPROVE,1,55.0,,,,,,,,,,35.0,50.0,85.0,APPROVE,1,50.0,,,,,,,,,,40.0,40.0,85.0,APPROVE,0,,,,,,,,,,,41.0,35.0,80.0,APPROVE,1,35.0,,,,,,,,,,31.0,40.0,85.0,APPROVE,1,40.0,,,,,,,,,,31.0,45.0,90.0,APPROVE,1,45.0,,,,,,,,,,31.0,31.0,85.0,APPROVE,0,,,,,,,,,,,40.0,30.0,90.0,APPROVE,1,30.0,,,,,,,,,,35.0,35.0,85.0,APPROVE,0,,,,,,,,,,
C8762,gpt-4o-mini,85,85,90,REJECT,0,,,,,,,,,,,85.0,75.0,85.0,REJECT,1,75.0,,,,,,,,,,85.0,80.0,85.0,REJECT,2,78.0,80.0,,,,,,,,,85.0,65.0,75.0,REJECT,3,75.0,70.0,65.0,,,,,,,,85.0,75.0,85.0,APPROVE,1,75.0,,,,,,,,,,85.0,70.0,75.0,REJECT,5,78.0,76.0,74.0,73.0,70.0,,,,,,80.0,95.0,90.0,REJECT,6,90.0,95.0,90.0,95.0,90.0,95.0,,,,,85.0,50.0,75.0,REJECT,7,75.0,70.0,65.0,60.0,55.0,50.0,50.0,,,,85.0,70.0,85.0,APPROVE,1,70.0,,,,,,,,,,85.0,75.0,80.0,REJECT,9,75.0,70.0,80.0,70.0,75.0,70.0,75.0,70.0,75.0,,85.0,25.0,70.0,REJECT,10,75.0,70.0,65.0,60.0,55.0,50.0,40.0,35.0,30.0,25.0
C8825,gpt-4o-mini,65,65,80,REJECT,0,,,,,,,,,,,67.0,75.0,80.0,REJECT,1,75.0,,,,,,,,,,68.0,75.0,80.0,APPROVE,1,75.0,60.0,,,,,,,,,68.0,75.0,75.0,REJECT,3,78.0,70.0,75.0,,,,,,,,65.0,75.0,75.0,APPROVE,1,75.0,,,,,,,,,,60.0,70.0,80.0,APPROVE,1,70.0,,,,,,,,,,50.0,70.0,80.0,APPROVE,1,70.0,,,,,,,,,,65.0,75.0,80.0,APPROVE,0,75.0,,,,,,,,,,69.0,75.0,80.0,APPROVE,1,75.0,80.0,85.0,90.0,95.0,90.0,95.0,90.0,,,65.0,75.0,80.0,APPROVE,1,75.0,90.0,85.0,90.0,85.0,90.0,85.0,90.0,85.0,,69.0,75.0,80.0,APPROVE,1,75.0,80.0,85.0,90.0,85.0,90.0,85.0,90.0,85.0,90.0
C8838,gpt-4o-mini,50,50,85,REJECT,0,,,,,,,,,,,50.0,70.0,75.0,APPROVE,1,70.0,,,,,,,,,,40.0,60.0,75.0,REJECT,2,50.0,60.0,,,,,,,,,55.0,70.0,75.0,APPROVE,1,70.0,,,,,,,,,,55.0,75.0,85.0,APPROVE,1,75.0,30.0,25.0,30.0,,,,,,,61.0,61.0,85.0,APPROVE,0,60.0,,,,,,,,,,45.0,45.0,85.0,APPROVE,0,63.0,,,,,,,,,,47.0,70.0,80.0,APPROVE,1,70.0,70.0,,,,,,,,,50.0,70.0,85.0,APPROVE,1,70.0,80.0,70.0,75.0,70.0,75.0,70.0,75.0,,,51.0,70.0,75.0,APPROVE,0,70.0,,,,,,,,,,55.0,90.0,90.0,REJECT,0,75.0,80.0,85.0,90.0,85.0,90.0,85.0,90.0,85.0,90.0
C8842,gpt-4o-mini,65,65,80,REJECT,0,,,,,,,,,,,65.0,80.0,80.0,REJECT,1,80.0,,,,,,,,,,75.0,60.0,75.0,REJECT,2,50.0,60.0,,,,,,,,,65.0,50.0,85.0,APPROVE,1,50.0,,,,,,,,,,65.0,70.0,80.0,APPROVE,1,70.0,,,,,,,,,,75.0,50.0,80.0,APPROVE,1,50.0,,,,,,,,,,68.0,50.0,85.0,APPROVE,1,50.0,,,,,,,,,,65.0,45.0,65.0,APPROVE,1,45.0,,,,,,,,,,68.0,75.0,90.0,APPROVE,1,75.0,,,,,,,,,,65.0,3.0,70.0,REJECT,9,50.0,40.0,30.0,25.0,20.0,15.0,10.0,5.0,3.0,,65.0,15.0,70.0,REJECT,10,45.0,40.0,30.0,25.0,20.0,15.0,10.0,15.0,10.0,15.0
C888,gpt-4o-mini,50,50,80,REJECT,0,,,,,,,,,,,50.0,70.0,85.0,APPROVE,0,70.0,,,,,,,,,,55.0,75.0,85.0,APPROVE,0,75.0,,,,,,,,,,50.0,80.0,85.0,APPROVE,0,70.0,80.0,,,,,,,,,50.0,85.0,90.0,REJECT,0,70.0,80.0,90.0,85.0,,,,,,,55.0,90.0,80.0,REJECT,0,70.0,80.0,90.0,85.0,90.0,,,,,,60.0,75.0,85.0,APPROVE,0,75.0,,,,,,,,,,49.0,70.0,85.0,APPROVE,0,70.0,,,,,,,,,,55.0,90.0,80.0,REJECT,0,70.0,80.0,85.0,90.0,85.0,90.0,85.0,90.0,,,40.0,60.0,70.0,REJECT,0,60.0,70.0,80.0,70.0,80.0,70.0,80.0,70.0,60.0,,49.0,70.0,80.0,REJECT,0,70.0,80.0,70.0,80.0,70.0,80.0,70.0,70.0,70.0,70.0
C8882,gpt-4o-mini,20,20,85,APPROVE,0,,,,,,,,,,,20.0,20.0,80.0,REJECT,1,20.0,,,,,,,,,,20.0,20.0,85.0,APPROVE,0,,,,,,,,,,,10.0,10.0,85.0,APPROVE,0,30.0,40.0,,,,,,,,,15.0,25.0,80.0,APPROVE,1,25.0,,,,,,,,,,20.0,20.0,85.0,APPROVE,0,,,,,,,,,,,20.0,20.0,85.0,APPROVE,0,30.0,40.0,,,,,,,,,20.0,30.0,85.0,APPROVE,2,50.0,30.0,,,,,,,,,15.0,15.0,85.0,APPROVE,0,20.0,,,,,,,,,,20.0,30.0,80.0,APPROVE,2,35.0,30.0,,,,,,,,,15.0,15.0,85.0,APPROVE,0,,,,,,,,,,
C8977,gpt-4o-mini,63,63,80,REJECT,0,,,,,,,,,,,49.0,49.0,80.0,APPROVE,0,75.0,,,,,,,,,,55.0,80.0,85.0,REJECT,2,70.0,80.0,,,,,,,,,60.0,70.0,85.0,APPROVE,1,70.0,80.0,75.0,,,,,,,,55.0,70.0,85.0,APPROVE,1,70.0,70.0,65.0,70.0,,,,,,,60.0,80.0,85.0,APPROVE,1,80.0,80.0,85.0,90.0,85.0,,,,,,50.0,70.0,85.0,APPROVE,1,70.0,,,,,,,,,,55.0,70.0,85.0,APPROVE,1,70.0,,,,,,,,,,50.0,65.0,80.0,APPROVE,1,65.0,,,,,,,,,,55.0,70.0,80.0,APPROVE,0,70.0,,,,,,,,,,65.0,75.0,85.0,APPROVE,1,75.0,85.0,90.0,85.0,90.0,95.0,85.0,90.0,95.0,90.0
C904,gpt-4o-mini,75,75,85,REJECT,0,,,,,,,,,,,85.0,55.0,85.0,APPROVE,0,55.0,,,,,,,,,,85.0,65.0,80.0,REJECT,0,70.0,65.0,,,,,,,,,80.0,50.0,80.0,APPROVE,0,50.0,,,,,,,,,,75.0,40.0,70.0,REJECT,4,55.0,50.0,45.0,40.0,,,,,,,85.0,50.0,60.0,REJECT,5,70.0,65.0,60.0,55.0,50.0,,,,,,85.0,70.0,85.0,APPROVE,0,70.0,,,,,,,,,,85.0,75.0,85.0,APPROVE,1,75.0,,,,,,,,,,85.0,55.0,85.0,APPROVE,1,55.0,80.0,70.0,65.0,,,,,,,85.0,70.0,85.0,APPROVE,0,60.0,70.0,,,,,,,,,85.0,60.0,85.0,APPROVE,0,60.0,,,,,,,,,
C9094,gpt-4o-mini,31,31,75,REJECT,0,,,,,,,,,,,40.0,60.0,80.0,APPROVE,0,60.0,,,,,,,,,,40.0,60.0,70.0,APPROVE,0,55.0,60.0,,,,,,,,,50.0,70.0,80.0,APPROVE,0,70.0,,,,,,,,,,45.0,50.0,90.0,APPROVE,0,60.0,50.0,,,,,,,,,39.0,65.0,70.0,APPROVE,0,65.0,,,,,,,,,,31.0,20.0,90.0,APPROVE,0,50.0,40.0,30.0,20.0,,,,,,,31.0,30.0,80.0,REJECT,0,40.0,35.0,30.0,35.0,30.0,35.0,30.0,,,,31.0,31.0,85.0,APPROVE,0,,,,,,,,,,,50.0,45.0,70.0,REJECT,0,60.0,50.0,55.0,50.0,55.0,50.0,45.0,50.0,45.0,,31.0,25.0,85.0,APPROVE,0,25.0,,,,,,,,,
C9200,gpt-4o-mini,38,38,85,REJECT,0,,,,,,,,,,,45.0,60.0,85.0,APPROVE,1,60.0,,,,,,,,,,45.0,45.0,80.0,APPROVE,0,60.0,,,,,,,,,,45.0,45.0,80.0,APPROVE,0,,,,,,,,,,,55.0,65.0,80.0,APPROVE,1,65.0,,,,,,,,,,50.0,70.0,85.0,APPROVE,1,70.0,,,,,,,,,,34.0,60.0,80.0,APPROVE,1,60.0,,,,,,,,,,40.0,40.0,85.0,APPROVE,0,,,,,,,,,,,45.0,45.0,80.0,APPROVE,0,,,,,,,,,,,31.0,50.0,85.0,APPROVE,0,50.0,,,,,,,,,,50.0,60.0,70.0,REJECT,0,70.0,60.0,70.0,60.0,70.0,60.0,70.0,60.0,70.0,60.0
C9238,gpt-4o-mini,55,55,80,REJECT,0,,,,,,,,,,,40.0,70.0,85.0,APPROVE,1,70.0,,,,,,,,,,50.0,80.0,80.0,REJECT,2,70.0,80.0,,,,,,,,,45.0,70.0,75.0,APPROVE,1,70.0,,,,,,,,,,31.0,50.0,75.0,APPROVE,1,50.0,,,,,,,,,,31.0,70.0,75.0,APPROVE,1,70.0,,,,,,,,,,35.0,45.0,85.0,APPROVE,1,45.0,,,,,,,,,,50.0,70.0,85.0,APPROVE,1,70.0,,,,,,,,,,41.0,65.0,85.0,APPROVE,0,65.0,,,,,,,,,,54.0,70.0,75.0,APPROVE,1,70.0,71.0,81.0,71.0,81.0,71.0,81.0,71.0,81.0,,55.0,70.0,85.0,APPROVE,1,70.0,,,,,,,,,
C9342,gpt-4o-mini,85,85,90,REJECT,0,,,,,,,,,,,85.0,75.0,85.0,REJECT,1,75.0,,,,,,,,,,85.0,55.0,85.0,APPROVE,1,55.0,,,,,,,,,,75.0,60.0,80.0,APPROVE,1,60.0,,,,,,,,,,85.0,75.0,85.0,APPROVE,1,75.0,,,,,,,,,,75.0,30.0,80.0,REJECT,5,60.0,50.0,40.0,30.0,30.0,,,,,,85.0,50.0,70.0,REJECT,6,75.0,70.0,65.0,60.0,55.0,50.0,,,,,85.0,90.0,80.0,REJECT,7,45.0,65.0,70.0,80.0,75.0,85.0,90.0,,,,85.0,30.0,90.0,APPROVE,1,30.0,,,,,,,,,,75.0,90.0,90.0,APPROVE,1,90.0,,,,,,,,,,85.0,70.0,80.0,APPROVE,2,60.0,70.0,,,,,,,,
C9477,gpt-4o-mini,38,38,85,REJECT,0,,,,,,,,,,,31.0,50.0,80.0,APPROVE,1,50.0,,,,,,,,,,31.0,50.0,85.0,APPROVE,1,50.0,,,,,,,,,,31.0,31.0,80.0,APPROVE,0,,,,,,,,,,,31.0,50.0,80.0,APPROVE,1,50.0,,,,,,,,,,45.0,60.0,75.0,REJECT,5,60.0,55.0,50.0,50.0,60.0,,,,,,40.0,70.0,80.0,APPROVE,0,70.0,,,,,,,,,,31.0,31.0,80.0,APPROVE,0,,,,,,,,,,,31.0,70.0,85.0,APPROVE,0,70.0,,,,,,,,,,38.0,50.0,85.0,APPROVE,0,50.0,,,,,,,,,,38.0,65.0,75.0,APPROVE,0,60.0,65.0,,,,,,,,
C9644,gpt-4o-mini,55,55,80,REJECT,0,,,,,,,,,,,42.0,72.0,90.0,REJECT,1,72.0,,,,,,,,,,40.0,70.0,80.0,APPROVE,1,70.0,70.0,,,,,,,,,50.0,70.0,80.0,APPROVE,1,70.0,60.0,65.0,,,,,,,,60.0,70.0,75.0,APPROVE,1,70.0,70.0,75.0,80.0,,,,,,,55.0,65.0,85.0,APPROVE,1,65.0,90.0,88.0,95.0,88.0,,,,,,41.0,95.0,90.0,REJECT,6,70.0,85.0,90.0,95.0,100.0,95.0,,,,,50.0,65.0,80.0,APPROVE,0,65.0,,,,,,,,,,35.0,55.0,85.0,APPROVE,0,55.0,65.0,70.0,75.0,80.0,85.0,90.0,95.0,,,41.0,68.0,80.0,APPROVE,0,68.0,,,,,,,,,,45.0,60.0,85.0,APPROVE,0,60.0,70.0,75.0,80.0,85.0,90.0,85.0,90.0,95.0,90.0
C9725,gpt-4o-mini,31,31,85,REJECT,0,,,,,,,,,,,40.0,40.0,85.0,APPROVE,0,70.0,,,,,,,,,,41.0,55.0,90.0,APPROVE,0,55.0,,,,,,,,,,45.0,60.0,85.0,APPROVE,0,60.0,,,,,,,,,,31.0,60.0,75.0,REJECT,0,45.0,50.0,55.0,60.0,,,,,,,50.0,75.0,75.0,REJECT,0,65.0,70.0,75.0,80.0,75.0,,,,,,60.0,75.0,80.0,APPROVE,0,75.0,,,,,,,,,,40.0,85.0,75.0,REJECT,0,70.0,80.0,85.0,90.0,85.0,90.0,85.0,,,,31.0,85.0,90.0,REJECT,0,70.0,75.0,80.0,85.0,80.0,85.0,80.0,85.0,,,50.0,90.0,85.0,REJECT,0,70.0,85.0,75.0,85.0,90.0,85.0,90.0,85.0,90.0,,32.0,95.0,90.0,REJECT,0,70.0,85.0,90.0,95.0,100.0,95.0,100.0,95.0,100.0,95.0
C9761,gpt-4o-mini,31,31,80,REJECT,0,,,,,,,,,,,31.0,50.0,80.0,REJECT,1,50.0,,,,,,,,,,31.0,50.0,80.0,APPROVE,1,50.0,,,,,,,,,,41.0,41.0,85.0,APPROVE,0,,,,,,,,,,,31.0,65.0,90.0,REJECT,4,40.0,50.0,60.0,65.0,,,,,,,40.0,40.0,85.0,REJECT,5,60.0,50.0,40.0,30.0,40.0,,,,,,31.0,70.0,80.0,REJECT,6,45.0,55.0,70.0,65.0,75.0,70.0,,,,,31.0,50.0,85.0,APPROVE,1,50.0,,,,,,,,,,40.0,50.0,85.0,APPROVE,1,50.0,,,,,,,,,,30.0,50.0,85.0,APPROVE,1,50.0,,,,,,,,,,31.0,70.0,80.0,APPROVE,3,70.0,60.0,70.0,,,,,,,
C9860,gpt-4o-mini,85,85,90,REJECT,0,,,,,,,,,,,76.0,88.0,90.0,REJECT,1,88.0,,,,,,,,,,80.0,100.0,90.0,REJECT,2,90.0,100.0,,,,,,,,,85.0,70.0,85.0,APPROVE,1,70.0,,,,,,,,,,85.0,75.0,85.0,APPROVE,1,75.0,,,,,,,,,,75.0,85.0,80.0,REJECT,5,85.0,90.0,85.0,90.0,85.0,,,,,,85.0,75.0,85.0,APPROVE,1,75.0,,,,,,,,,,85.0,45.0,75.0,REJECT,7,75.0,70.0,65.0,60.0,55.0,50.0,45.0,,,,85.0,85.0,85.0,REJECT,8,75.0,70.0,80.0,85.0,80.0,85.0,80.0,85.0,,,85.0,75.0,85.0,APPROVE,1,75.0,,,,,,,,,,75.0,85.0,80.0,APPROVE,1,85.0,,,,,,,,,
C9895,gpt-4o-mini,68,68,85,REJECT,0,,,,,,,,,,,65.0,75.0,85.0,APPROVE,1,75.0,,,,,,,,,,75.0,30.0,75.0,REJECT,2,45.0,30.0,,,,,,,,,65.0,75.0,90.0,APPROVE,1,75.0,,,,,,,,,,65.0,85.0,90.0,REJECT,4,70.0,75.0,80.0,85.0,,,,,,,65.0,30.0,70.0,REJECT,5,50.0,45.0,40.0,35.0,30.0,,,,,,70.0,60.0,75.0,APPROVE,2,45.0,60.0,,,,,,,,,70.0,20.0,70.0,REJECT,7,50.0,40.0,30.0,30.0,20.0,30.0,20.0,,,,70.0,50.0,90.0,APPROVE,1,50.0,,,,,,,,,,75.0,65.0,80.0,REJECT,9,55.0,70.0,60.0,75.0,65.0,70.0,60.0,70.0,65.0,,70.0,40.0,75.0,APPROVE,7,50.0,60.0,40.0,50.0,40.0,50.0,40.0,,,
C9936,gpt-4o-mini,85,85,90,REJECT,0,,,,,,,,,,,95.0,90.0,85.0,REJECT,1,90.0,,,,,,,,,,85.0,65.0,80.0,REJECT,2,70.0,65.0,,,,,,,,,85.0,90.0,85.0,APPROVE,1,90.0,,,,,,,,,,85.0,90.0,90.0,APPROVE,1,90.0,,,,,,,,,,90.0,70.0,80.0,APPROVE,1,70.0,,,,,,,,,,85.0,45.0,75.0,REJECT,6,75.0,70.0,65.0,55.0,50.0,45.0,,,,,90.0,85.0,80.0,APPROVE,1,85.0,,,,,,,,,,88.0,40.0,75.0,REJECT,8,75.0,70.0,65.0,60.0,55.0,50.0,45.0,40.0,,,95.0,85.0,90.0,REJECT,9,85.0,90.0,85.0,90.0,85.0,90.0,85.0,90.0,85.0,,85.0,80.0,80.0,REJECT,10,70.0,80.0,70.0,80.0,70.0,80.0,70.0,80.0,70.0,80.0
C9986,gpt-4o-mini,20,20,85,REJECT,0,,,,,,,,,,,20.0,40.0,75.0,REJECT,1,40.0,,,,,,,,,,20.0,20.0,90.0,APPROVE,0,,,,,,,,,,,20.0,30.0,85.0,APPROVE,1,30.0,,,,,,,,,,20.0,20.0,85.0,APPROVE,0,40.0,30.0,30.0,40.0,,,,,,,20.0,20.0,85.0,APPROVE,0,30.0,,,,,,,,,,20.0,20.0,90.0,APPROVE,0,,,,,,,,,,,25.0,25.0,85.0,APPROVE,0,,,,,,,,,,,20.0,20.0,85.0,APPROVE,0,,,,,,,,,,,30.0,30.0,85.0,APPROVE,0,,,,,,,,,,,25.0,40.0,80.0,APPROVE,1,40.0,,,,,,,,,
